<?xml version="1.0" encoding="ISO-8859-1"?><CUESTIONARIO>
    <NOMBRE_CUESTIONARIO>TDC Amex [REFERIDOS]</NOMBRE_CUESTIONARIO>
    <SECCION>
        <QUESTIONID>1</QUESTIONID>
        <QUESTIONTEXT>REFERIDOS</QUESTIONTEXT>
        <DISPLAYORDER>1</DISPLAYORDER>
        <FORCEANSWER>0</FORCEANSWER>
        <DESPLIEGAVALIDACION>0</DESPLIEGAVALIDACION>
        <PREGUNTA>
            <SURVEYID>2</SURVEYID>
            <QUESTIONID>1</QUESTIONID>
            <CHOICEID>1</CHOICEID>
            <CHOICETEXT>Numero de Referidos:</CHOICETEXT>
            <CHOICETYPE>8</CHOICETYPE>
            <CHOICELEN>10</CHOICELEN>
            <CHOICEFORCE>0</CHOICEFORCE>
            <DATAFIELD></DATAFIELD>
            <TEXTANSWER></TEXTANSWER>
            <NUMANSWER></NUMANSWER>
            <QUERY>XSP_GETREFERIDOS</QUERY>
            <OPCIONES>
                <OPCION>
                    <VALOR>1</VALOR>
                    <TEXTO>1 Referido</TEXTO>
                </OPCION>
                <OPCION>
                    <VALOR>2</VALOR>
                    <TEXTO>2 Referidos</TEXTO>
                </OPCION>
                <OPCION>
                    <VALOR>3</VALOR>
                    <TEXTO>3 Referidos</TEXTO>
                </OPCION>
                <!--OPCION>
                    <VALOR>4</VALOR>
                    <TEXTO>4 Referidos</TEXTO>
                </OPCION>
                <OPCION>
                    <VALOR>5</VALOR>
                    <TEXTO>5 Referidos</TEXTO>
                </OPCION-->				
            </OPCIONES>
            <PARAMETER></PARAMETER>
            <RECONOCEDOR></RECONOCEDOR>
            <EDITABLE>SI</EDITABLE>
        </PREGUNTA>
        <PREGUNTA>
            <SURVEYID>2</SURVEYID>
            <QUESTIONID>1</QUESTIONID>
            <CHOICEID>2</CHOICEID>
            <CHOICETEXT>Relacion con el Registro de Base:</CHOICETEXT>
            <CHOICETYPE>8</CHOICETYPE>
            <CHOICELEN>15</CHOICELEN>
            <CHOICEFORCE>0</CHOICEFORCE>
            <DATAFIELD></DATAFIELD>
            <TEXTANSWER></TEXTANSWER>
            <NUMANSWER></NUMANSWER>
            <QUERY>XSP_GETRELACION_REFERIDO</QUERY>
            <OPCIONES>
                <OPCION>
                    <VALOR>1</VALOR>
                    <TEXTO>WPC [FAMILIAR]</TEXTO>
                </OPCION>
                <OPCION>
                    <VALOR>2</VALOR>
                    <TEXTO>REFERIDO [OTRA PERSONA]</TEXTO>
                </OPCION>
                <OPCION>
                    <VALOR>3</VALOR>
                    <TEXTO>ESPOSA</TEXTO>
                </OPCION>
                <OPCION>
                    <VALOR>4</VALOR>
                    <TEXTO>ESPOSO</TEXTO>
                </OPCION>
                <OPCION>
                    <VALOR>5</VALOR>
                    <TEXTO>HIJA</TEXTO>
                </OPCION>
                <OPCION>
                    <VALOR>6</VALOR>
                    <TEXTO>HIJO</TEXTO>
                </OPCION>
                <OPCION>
                    <VALOR>7</VALOR>
                    <TEXTO>FAMILIAR</TEXTO>
                </OPCION>
                <OPCION>
                    <VALOR>8</VALOR>
                    <TEXTO>OTRO</TEXTO>
                </OPCION>
            </OPCIONES>
            <PARAMETER></PARAMETER>
            <RECONOCEDOR></RECONOCEDOR>
            <EDITABLE>SI</EDITABLE>
        </PREGUNTA>
        <PREGUNTA>
            <SURVEYID>2</SURVEYID>
            <QUESTIONID>1</QUESTIONID>
            <CHOICEID>3</CHOICEID>
            <CHOICETEXT>Nombre 1</CHOICETEXT>
            <CHOICETYPE>5</CHOICETYPE>
            <CHOICELEN>25</CHOICELEN>
            <CHOICEFORCE>0</CHOICEFORCE>
            <DATAFIELD></DATAFIELD>
            <TEXTANSWER></TEXTANSWER>
            <NUMANSWER></NUMANSWER>
            <QUERY></QUERY>
            <PARAMETER></PARAMETER>
            <RECONOCEDOR></RECONOCEDOR>
            <EDITABLE>SI</EDITABLE>
        </PREGUNTA>
        <PREGUNTA>
            <SURVEYID>2</SURVEYID>
            <QUESTIONID>1</QUESTIONID>
            <CHOICEID>4</CHOICEID>
            <CHOICETEXT>Segundo Nombre 1</CHOICETEXT>
            <CHOICETYPE>5</CHOICETYPE>
            <CHOICELEN>25</CHOICELEN>
            <CHOICEFORCE>0</CHOICEFORCE>
            <DATAFIELD></DATAFIELD>
            <TEXTANSWER></TEXTANSWER>
            <NUMANSWER></NUMANSWER>
            <QUERY></QUERY>
            <PARAMETER></PARAMETER>
            <RECONOCEDOR></RECONOCEDOR>
            <EDITABLE>SI</EDITABLE>
        </PREGUNTA>
        <PREGUNTA>
            <SURVEYID>2</SURVEYID>
            <QUESTIONID>1</QUESTIONID>
            <CHOICEID>5</CHOICEID>
            <CHOICETEXT>Paterno 1</CHOICETEXT>
            <CHOICETYPE>5</CHOICETYPE>
            <CHOICELEN>25</CHOICELEN>
            <CHOICEFORCE>0</CHOICEFORCE>
            <DATAFIELD></DATAFIELD>
            <TEXTANSWER></TEXTANSWER>
            <NUMANSWER></NUMANSWER>
            <QUERY></QUERY>
            <PARAMETER></PARAMETER>
            <RECONOCEDOR></RECONOCEDOR>
            <EDITABLE>SI</EDITABLE>
        </PREGUNTA>
        <PREGUNTA>
            <SURVEYID>2</SURVEYID>
            <QUESTIONID>1</QUESTIONID>
            <CHOICEID>6</CHOICEID>
            <CHOICETEXT>Materno 1</CHOICETEXT>
            <CHOICETYPE>5</CHOICETYPE>
            <CHOICELEN>25</CHOICELEN>
            <CHOICEFORCE>0</CHOICEFORCE>
            <DATAFIELD></DATAFIELD>
            <TEXTANSWER></TEXTANSWER>
            <NUMANSWER></NUMANSWER>
            <QUERY></QUERY>
            <PARAMETER></PARAMETER>
            <RECONOCEDOR></RECONOCEDOR>
            <EDITABLE>SI</EDITABLE>
        </PREGUNTA>
        <PREGUNTA>
            <SURVEYID>2</SURVEYID>
            <QUESTIONID>1</QUESTIONID>
            <CHOICEID>7</CHOICEID>
            <CHOICETEXT>Lada 1</CHOICETEXT>
            <CHOICETYPE>5</CHOICETYPE>
            <CHOICELEN>5</CHOICELEN>
            <CHOICEFORCE>0</CHOICEFORCE>
            <DATAFIELD></DATAFIELD>
            <TEXTANSWER></TEXTANSWER>
            <NUMANSWER></NUMANSWER>
            <QUERY></QUERY>
            <PARAMETER></PARAMETER>
            <RECONOCEDOR></RECONOCEDOR>
            <EDITABLE>SI</EDITABLE>
        </PREGUNTA>
        <PREGUNTA>
            <SURVEYID>2</SURVEYID>
            <QUESTIONID>1</QUESTIONID>
            <CHOICEID>8</CHOICEID>
            <CHOICETEXT>Telefono 1</CHOICETEXT>
            <CHOICETYPE>5</CHOICETYPE>
            <CHOICELEN>10</CHOICELEN>
            <CHOICEFORCE>0</CHOICEFORCE>
            <DATAFIELD></DATAFIELD>
            <TEXTANSWER></TEXTANSWER>
            <NUMANSWER></NUMANSWER>
            <QUERY></QUERY>
            <PARAMETER></PARAMETER>
            <RECONOCEDOR></RECONOCEDOR>
            <EDITABLE>SI</EDITABLE>
        </PREGUNTA>
        <PREGUNTA>
            <SURVEYID>2</SURVEYID>
            <QUESTIONID>1</QUESTIONID>
            <CHOICEID>11</CHOICEID>
            <CHOICETEXT>Relacion con el Registro de Base:</CHOICETEXT>
            <CHOICETYPE>8</CHOICETYPE>
            <CHOICELEN>15</CHOICELEN>
            <CHOICEFORCE>0</CHOICEFORCE>
            <DATAFIELD></DATAFIELD>
            <TEXTANSWER></TEXTANSWER>
            <NUMANSWER></NUMANSWER>
            <QUERY>XSP_GETRELACION_REFERIDO</QUERY>
            <OPCIONES>
                <OPCION>
                    <VALOR>1</VALOR>
                    <TEXTO>WPC [FAMILIAR]</TEXTO>
                </OPCION>
                <OPCION>
                    <VALOR>2</VALOR>
                    <TEXTO>REFERIDO [OTRA PERSONA]</TEXTO>
                </OPCION>
                <OPCION>
                    <VALOR>3</VALOR>
                    <TEXTO>ESPOSA</TEXTO>
                </OPCION>
                <OPCION>
                    <VALOR>4</VALOR>
                    <TEXTO>ESPOSO</TEXTO>
                </OPCION>
                <OPCION>
                    <VALOR>5</VALOR>
                    <TEXTO>HIJA</TEXTO>
                </OPCION>
                <OPCION>
                    <VALOR>6</VALOR>
                    <TEXTO>HIJO</TEXTO>
                </OPCION>
                <OPCION>
                    <VALOR>7</VALOR>
                    <TEXTO>FAMILIAR</TEXTO>
                </OPCION>
                <OPCION>
                    <VALOR>8</VALOR>
                    <TEXTO>OTRO</TEXTO>
                </OPCION>
            </OPCIONES>
            <PARAMETER></PARAMETER>
            <RECONOCEDOR></RECONOCEDOR>
            <EDITABLE>SI</EDITABLE>
        </PREGUNTA>
        <PREGUNTA>
            <SURVEYID>2</SURVEYID>
            <QUESTIONID>1</QUESTIONID>
            <CHOICEID>12</CHOICEID>
            <CHOICETEXT>Nombre 2</CHOICETEXT>
            <CHOICETYPE>5</CHOICETYPE>
            <CHOICELEN>25</CHOICELEN>
            <CHOICEFORCE>0</CHOICEFORCE>
            <DATAFIELD></DATAFIELD>
            <TEXTANSWER></TEXTANSWER>
            <NUMANSWER></NUMANSWER>
            <QUERY></QUERY>
            <PARAMETER></PARAMETER>
            <RECONOCEDOR></RECONOCEDOR>
            <EDITABLE>SI</EDITABLE>
        </PREGUNTA>
        <PREGUNTA>
            <SURVEYID>2</SURVEYID>
            <QUESTIONID>1</QUESTIONID>
            <CHOICEID>13</CHOICEID>
            <CHOICETEXT>Segundo Nombre 2</CHOICETEXT>
            <CHOICETYPE>5</CHOICETYPE>
            <CHOICELEN>25</CHOICELEN>
            <CHOICEFORCE>0</CHOICEFORCE>
            <DATAFIELD></DATAFIELD>
            <TEXTANSWER></TEXTANSWER>
            <NUMANSWER></NUMANSWER>
            <QUERY></QUERY>
            <PARAMETER></PARAMETER>
            <RECONOCEDOR></RECONOCEDOR>
            <EDITABLE>SI</EDITABLE>
        </PREGUNTA>
        <PREGUNTA>
            <SURVEYID>2</SURVEYID>
            <QUESTIONID>1</QUESTIONID>
            <CHOICEID>14</CHOICEID>
            <CHOICETEXT>Paterno 2</CHOICETEXT>
            <CHOICETYPE>5</CHOICETYPE>
            <CHOICELEN>25</CHOICELEN>
            <CHOICEFORCE>0</CHOICEFORCE>
            <DATAFIELD></DATAFIELD>
            <TEXTANSWER></TEXTANSWER>
            <NUMANSWER></NUMANSWER>
            <QUERY></QUERY>
            <PARAMETER></PARAMETER>
            <RECONOCEDOR></RECONOCEDOR>
            <EDITABLE>SI</EDITABLE>
        </PREGUNTA>
        <PREGUNTA>
            <SURVEYID>2</SURVEYID>
            <QUESTIONID>1</QUESTIONID>
            <CHOICEID>15</CHOICEID>
            <CHOICETEXT>Materno 2</CHOICETEXT>
            <CHOICETYPE>5</CHOICETYPE>
            <CHOICELEN>25</CHOICELEN>
            <CHOICEFORCE>0</CHOICEFORCE>
            <DATAFIELD></DATAFIELD>
            <TEXTANSWER></TEXTANSWER>
            <NUMANSWER></NUMANSWER>
            <QUERY></QUERY>
            <PARAMETER></PARAMETER>
            <RECONOCEDOR></RECONOCEDOR>
            <EDITABLE>SI</EDITABLE>
        </PREGUNTA>
        <PREGUNTA>
            <SURVEYID>2</SURVEYID>
            <QUESTIONID>1</QUESTIONID>
            <CHOICEID>16</CHOICEID>
            <CHOICETEXT>Lada 2</CHOICETEXT>
            <CHOICETYPE>5</CHOICETYPE>
            <CHOICELEN>5</CHOICELEN>
            <CHOICEFORCE>0</CHOICEFORCE>
            <DATAFIELD></DATAFIELD>
            <TEXTANSWER></TEXTANSWER>
            <NUMANSWER></NUMANSWER>
            <QUERY></QUERY>
            <PARAMETER></PARAMETER>
            <RECONOCEDOR></RECONOCEDOR>
            <EDITABLE>SI</EDITABLE>
        </PREGUNTA>
        <PREGUNTA>
            <SURVEYID>2</SURVEYID>
            <QUESTIONID>1</QUESTIONID>
            <CHOICEID>17</CHOICEID>
            <CHOICETEXT>Telefono 2</CHOICETEXT>
            <CHOICETYPE>5</CHOICETYPE>
            <CHOICELEN>10</CHOICELEN>
            <CHOICEFORCE>0</CHOICEFORCE>
            <DATAFIELD></DATAFIELD>
            <TEXTANSWER></TEXTANSWER>
            <NUMANSWER></NUMANSWER>
            <QUERY></QUERY>
            <PARAMETER></PARAMETER>
            <RECONOCEDOR></RECONOCEDOR>
            <EDITABLE>SI</EDITABLE>
        </PREGUNTA>
        <PREGUNTA>
            <SURVEYID>2</SURVEYID>
            <QUESTIONID>1</QUESTIONID>
            <CHOICEID>20</CHOICEID>
            <CHOICETEXT>Relacion con el Registro de Base:</CHOICETEXT>
            <CHOICETYPE>8</CHOICETYPE>
            <CHOICELEN>15</CHOICELEN>
            <CHOICEFORCE>0</CHOICEFORCE>
            <DATAFIELD></DATAFIELD>
            <TEXTANSWER></TEXTANSWER>
            <NUMANSWER></NUMANSWER>
            <QUERY>XSP_GETRELACION_REFERIDO</QUERY>
            <OPCIONES>
                <OPCION>
                    <VALOR>1</VALOR>
                    <TEXTO>WPC [FAMILIAR]</TEXTO>
                </OPCION>
                <OPCION>
                    <VALOR>2</VALOR>
                    <TEXTO>REFERIDO [OTRA PERSONA]</TEXTO>
                </OPCION>
                <OPCION>
                    <VALOR>3</VALOR>
                    <TEXTO>ESPOSA</TEXTO>
                </OPCION>
                <OPCION>
                    <VALOR>4</VALOR>
                    <TEXTO>ESPOSO</TEXTO>
                </OPCION>
                <OPCION>
                    <VALOR>5</VALOR>
                    <TEXTO>HIJA</TEXTO>
                </OPCION>
                <OPCION>
                    <VALOR>6</VALOR>
                    <TEXTO>HIJO</TEXTO>
                </OPCION>
                <OPCION>
                    <VALOR>7</VALOR>
                    <TEXTO>FAMILIAR</TEXTO>
                </OPCION>
                <OPCION>
                    <VALOR>8</VALOR>
                    <TEXTO>OTRO</TEXTO>
                </OPCION>
            </OPCIONES>
            <PARAMETER></PARAMETER>
            <RECONOCEDOR></RECONOCEDOR>
            <EDITABLE>SI</EDITABLE>
        </PREGUNTA>
        <PREGUNTA>
            <SURVEYID>2</SURVEYID>
            <QUESTIONID>1</QUESTIONID>
            <CHOICEID>21</CHOICEID>
            <CHOICETEXT>Nombre 3</CHOICETEXT>
            <CHOICETYPE>5</CHOICETYPE>
            <CHOICELEN>25</CHOICELEN>
            <CHOICEFORCE>0</CHOICEFORCE>
            <DATAFIELD></DATAFIELD>
            <TEXTANSWER></TEXTANSWER>
            <NUMANSWER></NUMANSWER>
            <QUERY></QUERY>
            <PARAMETER></PARAMETER>
            <RECONOCEDOR></RECONOCEDOR>
            <EDITABLE>SI</EDITABLE>
        </PREGUNTA>
        <PREGUNTA>
            <SURVEYID>2</SURVEYID>
            <QUESTIONID>1</QUESTIONID>
            <CHOICEID>22</CHOICEID>
            <CHOICETEXT>Segundo Nombre 3</CHOICETEXT>
            <CHOICETYPE>5</CHOICETYPE>
            <CHOICELEN>25</CHOICELEN>
            <CHOICEFORCE>0</CHOICEFORCE>
            <DATAFIELD></DATAFIELD>
            <TEXTANSWER></TEXTANSWER>
            <NUMANSWER></NUMANSWER>
            <QUERY></QUERY>
            <PARAMETER></PARAMETER>
            <RECONOCEDOR></RECONOCEDOR>
            <EDITABLE>SI</EDITABLE>
        </PREGUNTA>
        <PREGUNTA>
            <SURVEYID>2</SURVEYID>
            <QUESTIONID>1</QUESTIONID>
            <CHOICEID>23</CHOICEID>
            <CHOICETEXT>Paterno 3</CHOICETEXT>
            <CHOICETYPE>5</CHOICETYPE>
            <CHOICELEN>25</CHOICELEN>
            <CHOICEFORCE>0</CHOICEFORCE>
            <DATAFIELD></DATAFIELD>
            <TEXTANSWER></TEXTANSWER>
            <NUMANSWER></NUMANSWER>
            <QUERY></QUERY>
            <PARAMETER></PARAMETER>
            <RECONOCEDOR></RECONOCEDOR>
            <EDITABLE>SI</EDITABLE>
        </PREGUNTA>
        <PREGUNTA>
            <SURVEYID>2</SURVEYID>
            <QUESTIONID>1</QUESTIONID>
            <CHOICEID>24</CHOICEID>
            <CHOICETEXT>Materno 3</CHOICETEXT>
            <CHOICETYPE>5</CHOICETYPE>
            <CHOICELEN>25</CHOICELEN>
            <CHOICEFORCE>0</CHOICEFORCE>
            <DATAFIELD></DATAFIELD>
            <TEXTANSWER></TEXTANSWER>
            <NUMANSWER></NUMANSWER>
            <QUERY></QUERY>
            <PARAMETER></PARAMETER>
            <RECONOCEDOR></RECONOCEDOR>
            <EDITABLE>SI</EDITABLE>
        </PREGUNTA>
        <PREGUNTA>
            <SURVEYID>2</SURVEYID>
            <QUESTIONID>1</QUESTIONID>
            <CHOICEID>25</CHOICEID>
            <CHOICETEXT>Lada 3</CHOICETEXT>
            <CHOICETYPE>5</CHOICETYPE>
            <CHOICELEN>5</CHOICELEN>
            <CHOICEFORCE>0</CHOICEFORCE>
            <DATAFIELD></DATAFIELD>
            <TEXTANSWER></TEXTANSWER>
            <NUMANSWER></NUMANSWER>
            <QUERY></QUERY>
            <PARAMETER></PARAMETER>
            <RECONOCEDOR></RECONOCEDOR>
            <EDITABLE>SI</EDITABLE>
        </PREGUNTA>
        <PREGUNTA>
            <SURVEYID>2</SURVEYID>
            <QUESTIONID>1</QUESTIONID>
            <CHOICEID>26</CHOICEID>
            <CHOICETEXT>Telefono 3</CHOICETEXT>
            <CHOICETYPE>5</CHOICETYPE>
            <CHOICELEN>10</CHOICELEN>
            <CHOICEFORCE>0</CHOICEFORCE>
            <DATAFIELD></DATAFIELD>
            <TEXTANSWER></TEXTANSWER>
            <NUMANSWER></NUMANSWER>
            <QUERY></QUERY>
            <PARAMETER></PARAMETER>
            <RECONOCEDOR></RECONOCEDOR>
            <EDITABLE>SI</EDITABLE>
        </PREGUNTA>
		
        <!--PREGUNTA>
            <SURVEYID>2</SURVEYID>
            <QUESTIONID>1</QUESTIONID>
            <CHOICEID>29</CHOICEID>
            <CHOICETEXT>Relacion con el Registro de Base:</CHOICETEXT>
            <CHOICETYPE>8</CHOICETYPE>
            <CHOICELEN>15</CHOICELEN>
            <CHOICEFORCE>0</CHOICEFORCE>
            <DATAFIELD></DATAFIELD>
            <TEXTANSWER></TEXTANSWER>
            <NUMANSWER></NUMANSWER>
            <QUERY>XSP_GETRELACION_REFERIDO</QUERY>
            <OPCIONES>
                <OPCION>
                    <VALOR>1</VALOR>
                    <TEXTO>WPC [FAMILIAR]</TEXTO>
                </OPCION>
                <OPCION>
                    <VALOR>2</VALOR>
                    <TEXTO>REFERIDO [OTRA PERSONA]</TEXTO>
                </OPCION>
                <OPCION>
                    <VALOR>3</VALOR>
                    <TEXTO>ESPOSA</TEXTO>
                </OPCION>
                <OPCION>
                    <VALOR>4</VALOR>
                    <TEXTO>ESPOSO</TEXTO>
                </OPCION>
                <OPCION>
                    <VALOR>5</VALOR>
                    <TEXTO>HIJA</TEXTO>
                </OPCION>
                <OPCION>
                    <VALOR>6</VALOR>
                    <TEXTO>HIJO</TEXTO>
                </OPCION>
                <OPCION>
                    <VALOR>7</VALOR>
                    <TEXTO>FAMILIAR</TEXTO>
                </OPCION>
                <OPCION>
                    <VALOR>8</VALOR>
                    <TEXTO>OTRO</TEXTO>
                </OPCION>
            </OPCIONES>
            <PARAMETER></PARAMETER>
            <RECONOCEDOR></RECONOCEDOR>
            <EDITABLE>SI</EDITABLE>
        </PREGUNTA>
        <PREGUNTA>
            <SURVEYID>2</SURVEYID>
            <QUESTIONID>1</QUESTIONID>
            <CHOICEID>30</CHOICEID>
            <CHOICETEXT>Nombre 4</CHOICETEXT>
            <CHOICETYPE>5</CHOICETYPE>
            <CHOICELEN>25</CHOICELEN>
            <CHOICEFORCE>0</CHOICEFORCE>
            <DATAFIELD></DATAFIELD>
            <TEXTANSWER></TEXTANSWER>
            <NUMANSWER></NUMANSWER>
            <QUERY></QUERY>
            <PARAMETER></PARAMETER>
            <RECONOCEDOR></RECONOCEDOR>
            <EDITABLE>SI</EDITABLE>
        </PREGUNTA>
        <PREGUNTA>
            <SURVEYID>2</SURVEYID>
            <QUESTIONID>1</QUESTIONID>
            <CHOICEID>31</CHOICEID>
            <CHOICETEXT>Segundo Nombre 4</CHOICETEXT>
            <CHOICETYPE>5</CHOICETYPE>
            <CHOICELEN>25</CHOICELEN>
            <CHOICEFORCE>0</CHOICEFORCE>
            <DATAFIELD></DATAFIELD>
            <TEXTANSWER></TEXTANSWER>
            <NUMANSWER></NUMANSWER>
            <QUERY></QUERY>
            <PARAMETER></PARAMETER>
            <RECONOCEDOR></RECONOCEDOR>
            <EDITABLE>SI</EDITABLE>
        </PREGUNTA>
        <PREGUNTA>
            <SURVEYID>2</SURVEYID>
            <QUESTIONID>1</QUESTIONID>
            <CHOICEID>32</CHOICEID>
            <CHOICETEXT>Paterno 4</CHOICETEXT>
            <CHOICETYPE>5</CHOICETYPE>
            <CHOICELEN>25</CHOICELEN>
            <CHOICEFORCE>0</CHOICEFORCE>
            <DATAFIELD></DATAFIELD>
            <TEXTANSWER></TEXTANSWER>
            <NUMANSWER></NUMANSWER>
            <QUERY></QUERY>
            <PARAMETER></PARAMETER>
            <RECONOCEDOR></RECONOCEDOR>
            <EDITABLE>SI</EDITABLE>
        </PREGUNTA>
        <PREGUNTA>
            <SURVEYID>2</SURVEYID>
            <QUESTIONID>1</QUESTIONID>
            <CHOICEID>33</CHOICEID>
            <CHOICETEXT>Materno 4</CHOICETEXT>
            <CHOICETYPE>5</CHOICETYPE>
            <CHOICELEN>25</CHOICELEN>
            <CHOICEFORCE>0</CHOICEFORCE>
            <DATAFIELD></DATAFIELD>
            <TEXTANSWER></TEXTANSWER>
            <NUMANSWER></NUMANSWER>
            <QUERY></QUERY>
            <PARAMETER></PARAMETER>
            <RECONOCEDOR></RECONOCEDOR>
            <EDITABLE>SI</EDITABLE>
        </PREGUNTA>
        <PREGUNTA>
            <SURVEYID>2</SURVEYID>
            <QUESTIONID>1</QUESTIONID>
            <CHOICEID>34</CHOICEID>
            <CHOICETEXT>Lada 4</CHOICETEXT>
            <CHOICETYPE>5</CHOICETYPE>
            <CHOICELEN>5</CHOICELEN>
            <CHOICEFORCE>0</CHOICEFORCE>
            <DATAFIELD></DATAFIELD>
            <TEXTANSWER></TEXTANSWER>
            <NUMANSWER></NUMANSWER>
            <QUERY></QUERY>
            <PARAMETER></PARAMETER>
            <RECONOCEDOR></RECONOCEDOR>
            <EDITABLE>SI</EDITABLE>
        </PREGUNTA>
        <PREGUNTA>
            <SURVEYID>2</SURVEYID>
            <QUESTIONID>1</QUESTIONID>
            <CHOICEID>35</CHOICEID>
            <CHOICETEXT>Telefono 4</CHOICETEXT>
            <CHOICETYPE>5</CHOICETYPE>
            <CHOICELEN>10</CHOICELEN>
            <CHOICEFORCE>0</CHOICEFORCE>
            <DATAFIELD></DATAFIELD>
            <TEXTANSWER></TEXTANSWER>
            <NUMANSWER></NUMANSWER>
            <QUERY></QUERY>
            <PARAMETER></PARAMETER>
            <RECONOCEDOR></RECONOCEDOR>
            <EDITABLE>SI</EDITABLE>
        </PREGUNTA>

        <PREGUNTA>
            <SURVEYID>2</SURVEYID>
            <QUESTIONID>1</QUESTIONID>
            <CHOICEID>38</CHOICEID>
            <CHOICETEXT>Relacion con el Registro de Base:</CHOICETEXT>
            <CHOICETYPE>8</CHOICETYPE>
            <CHOICELEN>15</CHOICELEN>
            <CHOICEFORCE>0</CHOICEFORCE>
            <DATAFIELD></DATAFIELD>
            <TEXTANSWER></TEXTANSWER>
            <NUMANSWER></NUMANSWER>
            <QUERY>XSP_GETRELACION_REFERIDO</QUERY>
            <OPCIONES>
                <OPCION>
                    <VALOR>1</VALOR>
                    <TEXTO>WPC [FAMILIAR]</TEXTO>
                </OPCION>
                <OPCION>
                    <VALOR>2</VALOR>
                    <TEXTO>REFERIDO [OTRA PERSONA]</TEXTO>
                </OPCION>
                <OPCION>
                    <VALOR>3</VALOR>
                    <TEXTO>ESPOSA</TEXTO>
                </OPCION>
                <OPCION>
                    <VALOR>4</VALOR>
                    <TEXTO>ESPOSO</TEXTO>
                </OPCION>
                <OPCION>
                    <VALOR>5</VALOR>
                    <TEXTO>HIJA</TEXTO>
                </OPCION>
                <OPCION>
                    <VALOR>6</VALOR>
                    <TEXTO>HIJO</TEXTO>
                </OPCION>
                <OPCION>
                    <VALOR>7</VALOR>
                    <TEXTO>FAMILIAR</TEXTO>
                </OPCION>
                <OPCION>
                    <VALOR>8</VALOR>
                    <TEXTO>OTRO</TEXTO>
                </OPCION>
            </OPCIONES>
            <PARAMETER></PARAMETER>
            <RECONOCEDOR></RECONOCEDOR>
            <EDITABLE>SI</EDITABLE>
        </PREGUNTA>
        <PREGUNTA>
            <SURVEYID>2</SURVEYID>
            <QUESTIONID>1</QUESTIONID>
            <CHOICEID>39</CHOICEID>
            <CHOICETEXT>Nombre 5</CHOICETEXT>
            <CHOICETYPE>5</CHOICETYPE>
            <CHOICELEN>25</CHOICELEN>
            <CHOICEFORCE>0</CHOICEFORCE>
            <DATAFIELD></DATAFIELD>
            <TEXTANSWER></TEXTANSWER>
            <NUMANSWER></NUMANSWER>
            <QUERY></QUERY>
            <PARAMETER></PARAMETER>
            <RECONOCEDOR></RECONOCEDOR>
            <EDITABLE>SI</EDITABLE>
        </PREGUNTA>
        <PREGUNTA>
            <SURVEYID>2</SURVEYID>
            <QUESTIONID>1</QUESTIONID>
            <CHOICEID>40</CHOICEID>
            <CHOICETEXT>Segundo Nombre 5</CHOICETEXT>
            <CHOICETYPE>5</CHOICETYPE>
            <CHOICELEN>25</CHOICELEN>
            <CHOICEFORCE>0</CHOICEFORCE>
            <DATAFIELD></DATAFIELD>
            <TEXTANSWER></TEXTANSWER>
            <NUMANSWER></NUMANSWER>
            <QUERY></QUERY>
            <PARAMETER></PARAMETER>
            <RECONOCEDOR></RECONOCEDOR>
            <EDITABLE>SI</EDITABLE>
        </PREGUNTA>
        <PREGUNTA>
            <SURVEYID>2</SURVEYID>
            <QUESTIONID>1</QUESTIONID>
            <CHOICEID>41</CHOICEID>
            <CHOICETEXT>Paterno 5</CHOICETEXT>
            <CHOICETYPE>5</CHOICETYPE>
            <CHOICELEN>25</CHOICELEN>
            <CHOICEFORCE>0</CHOICEFORCE>
            <DATAFIELD></DATAFIELD>
            <TEXTANSWER></TEXTANSWER>
            <NUMANSWER></NUMANSWER>
            <QUERY></QUERY>
            <PARAMETER></PARAMETER>
            <RECONOCEDOR></RECONOCEDOR>
            <EDITABLE>SI</EDITABLE>
        </PREGUNTA>
        <PREGUNTA>
            <SURVEYID>2</SURVEYID>
            <QUESTIONID>1</QUESTIONID>
            <CHOICEID>42</CHOICEID>
            <CHOICETEXT>Materno 5</CHOICETEXT>
            <CHOICETYPE>5</CHOICETYPE>
            <CHOICELEN>25</CHOICELEN>
            <CHOICEFORCE>0</CHOICEFORCE>
            <DATAFIELD></DATAFIELD>
            <TEXTANSWER></TEXTANSWER>
            <NUMANSWER></NUMANSWER>
            <QUERY></QUERY>
            <PARAMETER></PARAMETER>
            <RECONOCEDOR></RECONOCEDOR>
            <EDITABLE>SI</EDITABLE>
        </PREGUNTA>
        <PREGUNTA>
            <SURVEYID>2</SURVEYID>
            <QUESTIONID>1</QUESTIONID>
            <CHOICEID>43</CHOICEID>
            <CHOICETEXT>Lada 5</CHOICETEXT>
            <CHOICETYPE>5</CHOICETYPE>
            <CHOICELEN>5</CHOICELEN>
            <CHOICEFORCE>0</CHOICEFORCE>
            <DATAFIELD></DATAFIELD>
            <TEXTANSWER></TEXTANSWER>
            <NUMANSWER></NUMANSWER>
            <QUERY></QUERY>
            <PARAMETER></PARAMETER>
            <RECONOCEDOR></RECONOCEDOR>
            <EDITABLE>SI</EDITABLE>
        </PREGUNTA>
        <PREGUNTA>
            <SURVEYID>2</SURVEYID>
            <QUESTIONID>1</QUESTIONID>
            <CHOICEID>44</CHOICEID>
            <CHOICETEXT>Telefono 5</CHOICETEXT>
            <CHOICETYPE>5</CHOICETYPE>
            <CHOICELEN>10</CHOICELEN>
            <CHOICEFORCE>0</CHOICEFORCE>
            <DATAFIELD></DATAFIELD>
            <TEXTANSWER></TEXTANSWER>
            <NUMANSWER></NUMANSWER>
            <QUERY></QUERY>
            <PARAMETER></PARAMETER>
            <RECONOCEDOR></RECONOCEDOR>
            <EDITABLE>SI</EDITABLE>
        </PREGUNTA-->
		
    </SECCION>
</CUESTIONARIO>
   