<?xml version="1.0" encoding="ISO-8859-1"?><CUESTIONARIO>
    <NOMBRE_CUESTIONARIO>TDC Amex Companion</NOMBRE_CUESTIONARIO>
    <SECCION>
        <QUESTIONID>1</QUESTIONID>
        <QUESTIONTEXT>DATOS DEL TITULAR</QUESTIONTEXT>
        <DISPLAYORDER>1</DISPLAYORDER>
        <FORCEANSWER>0</FORCEANSWER>
        <DESPLIEGAVALIDACION>0</DESPLIEGAVALIDACION>
        <PREGUNTA>
            <SURVEYID>4</SURVEYID>
            <QUESTIONID>1</QUESTIONID>
            <CHOICEID>2</CHOICEID>
            <CHOICETEXT>Nombre:</CHOICETEXT>
            <CHOICETYPE>5</CHOICETYPE>
            <CHOICELEN>30</CHOICELEN>
            <CHOICEFORCE>1</CHOICEFORCE>
            <DATAFIELD>p.NOMBRE</DATAFIELD>
            <TEXTANSWER></TEXTANSWER>
            <NUMANSWER></NUMANSWER>
            <QUERY></QUERY>
            <PARAMETER></PARAMETER>
            <RECONOCEDOR>nombrepila1</RECONOCEDOR>
            <EDITABLE>SI</EDITABLE>
        </PREGUNTA>
        <PREGUNTA>
            <SURVEYID>4</SURVEYID>
            <QUESTIONID>1</QUESTIONID>
            <CHOICEID>3</CHOICEID>
            <CHOICETEXT>Segundo Nombre:</CHOICETEXT>
            <CHOICETYPE>5</CHOICETYPE>
            <CHOICELEN>30</CHOICELEN>
            <CHOICEFORCE>0</CHOICEFORCE>
            <DATAFIELD></DATAFIELD>
            <TEXTANSWER></TEXTANSWER>
            <NUMANSWER></NUMANSWER>
            <QUERY></QUERY>
            <PARAMETER></PARAMETER>
            <RECONOCEDOR>nombreseg1</RECONOCEDOR>
            <EDITABLE>SI</EDITABLE>
        </PREGUNTA>
        <PREGUNTA>
            <SURVEYID>4</SURVEYID>
            <QUESTIONID>1</QUESTIONID>
            <CHOICEID>4</CHOICEID>
            <CHOICETEXT>Ap. Paterno:</CHOICETEXT>
            <CHOICETYPE>5</CHOICETYPE>
            <CHOICELEN>30</CHOICELEN>
            <CHOICEFORCE>1</CHOICEFORCE>
            <DATAFIELD>p.APATERNO</DATAFIELD>
            <TEXTANSWER></TEXTANSWER>
            <NUMANSWER></NUMANSWER>
            <QUERY></QUERY>
            <PARAMETER></PARAMETER>
            <RECONOCEDOR>appaterno1</RECONOCEDOR>
            <EDITABLE>SI</EDITABLE>
        </PREGUNTA>
        <PREGUNTA>
            <SURVEYID>4</SURVEYID>
            <QUESTIONID>1</QUESTIONID>
            <CHOICEID>5</CHOICEID>
            <CHOICETEXT>Ap. Materno:</CHOICETEXT>
            <CHOICETYPE>5</CHOICETYPE>
            <CHOICELEN>30</CHOICELEN>
            <CHOICEFORCE>0</CHOICEFORCE>
            <DATAFIELD>p.AMATERNO</DATAFIELD>
            <TEXTANSWER></TEXTANSWER>
            <NUMANSWER></NUMANSWER>
            <QUERY></QUERY>
            <PARAMETER></PARAMETER>
            <RECONOCEDOR>apmaterno1</RECONOCEDOR>
            <EDITABLE>SI</EDITABLE>
        </PREGUNTA>
        <PREGUNTA>
            <SURVEYID>4</SURVEYID>
            <QUESTIONID>1</QUESTIONID>
            <CHOICEID>6</CHOICEID>
            <CHOICETEXT>Fecha de Nacimiento (dd/mm/yyyy):</CHOICETEXT>
            <CHOICETYPE>5</CHOICETYPE>
            <CHOICELEN>15</CHOICELEN>
            <CHOICEFORCE>1</CHOICEFORCE>
            <DATAFIELD></DATAFIELD>
            <TEXTANSWER></TEXTANSWER>
            <NUMANSWER></NUMANSWER>
            <QUERY></QUERY>
            <PARAMETER></PARAMETER>
            <RECONOCEDOR>fechanacimiento1</RECONOCEDOR>
            <EDITABLE>SI</EDITABLE>
        </PREGUNTA>
        <PREGUNTA>
            <SURVEYID>4</SURVEYID>
            <QUESTIONID>1</QUESTIONID>
            <CHOICEID>7</CHOICEID>
            <CHOICETEXT>RFC:</CHOICETEXT>
            <CHOICETYPE>5</CHOICETYPE>
            <CHOICELEN>20</CHOICELEN>
            <CHOICEFORCE>1</CHOICEFORCE>
            <DATAFIELD>p.rfc</DATAFIELD>
            <TEXTANSWER></TEXTANSWER>
            <NUMANSWER></NUMANSWER>
            <QUERY></QUERY>
            <PARAMETER></PARAMETER>
            <RECONOCEDOR>rfc1</RECONOCEDOR>
            <EDITABLE>SI</EDITABLE>
        </PREGUNTA>
        <PREGUNTA>
            <SURVEYID>4</SURVEYID>
            <QUESTIONID>1</QUESTIONID>
            <CHOICEID>15</CHOICEID>
            <CHOICETEXT>Nacionalidad:</CHOICETEXT>
            <CHOICETYPE>8</CHOICETYPE>
            <CHOICELEN>0</CHOICELEN>
            <CHOICEFORCE>1</CHOICEFORCE>
            <DATAFIELD></DATAFIELD>
            <TEXTANSWER></TEXTANSWER>
            <NUMANSWER></NUMANSWER>
            <QUERY>XSP_GETNACIONALIDAD</QUERY>
            <OPCIONES>
                <OPCION>
                    <VALOR>MEX</VALOR>
                    <TEXTO>Mexico    </TEXTO>
                </OPCION>
                <OPCION>
                    <VALOR>ARG</VALOR>
                    <TEXTO>Argentina</TEXTO>
                </OPCION>
                <OPCION>
                    <VALOR>DEU</VALOR>
                    <TEXTO>Alemania</TEXTO>
                </OPCION>
                <OPCION>
                    <VALOR>AUS</VALOR>
                    <TEXTO>Australia </TEXTO>
                </OPCION>
                <OPCION>
                    <VALOR>BOL</VALOR>
                    <TEXTO>Bolivia           </TEXTO>
                </OPCION>
                <OPCION>
                    <VALOR>BRA</VALOR>
                    <TEXTO>Brasil   </TEXTO>
                </OPCION>
                <OPCION>
                    <VALOR>CAN</VALOR>
                    <TEXTO>Canada </TEXTO>
                </OPCION>
                <OPCION>
                    <VALOR>CHL</VALOR>
                    <TEXTO>Chile </TEXTO>
                </OPCION>
                <OPCION>
                    <VALOR>ECU</VALOR>
                    <TEXTO>Ecuador</TEXTO>
                </OPCION>
                <OPCION>
                    <VALOR>ESP</VALOR>
                    <TEXTO>Espa?a     </TEXTO>
                </OPCION>
                <OPCION>
                    <VALOR>USA</VALOR>
                    <TEXTO>Estados Unidos    </TEXTO>
                </OPCION>
                <OPCION>
                    <VALOR>FRA</VALOR>
                    <TEXTO>Francia</TEXTO>
                </OPCION>
                <OPCION>
                    <VALOR>NLD</VALOR>
                    <TEXTO>Holanda                   </TEXTO>
                </OPCION>
                <OPCION>
                    <VALOR>ITA</VALOR>
                    <TEXTO>Italia </TEXTO>
                </OPCION>
                <OPCION>
                    <VALOR>PRY</VALOR>
                    <TEXTO>Paraguay                   </TEXTO>
                </OPCION>
                <OPCION>
                    <VALOR>PER</VALOR>
                    <TEXTO>Peru                   </TEXTO>
                </OPCION>
                <OPCION>
                    <VALOR>GBR</VALOR>
                    <TEXTO>Reino Unido</TEXTO>
                </OPCION>
                <OPCION>
                    <VALOR>CHE</VALOR>
                    <TEXTO>Suiza                   </TEXTO>
                </OPCION>
                <OPCION>
                    <VALOR>URY</VALOR>
                    <TEXTO>Uruguay     </TEXTO>
                </OPCION>
                <OPCION>
                    <VALOR>VEN</VALOR>
                    <TEXTO>Venezuela     </TEXTO>
                </OPCION>
                <OPCION>
                    <VALOR>OTH</VALOR>
                    <TEXTO>Otro  </TEXTO>
                </OPCION>
                <OPCION>
                    <VALOR>ABJ</VALOR>
                    <TEXTO>Abjazia</TEXTO>
                </OPCION>
                <OPCION>
                    <VALOR>AFG</VALOR>
                    <TEXTO>Afganistan</TEXTO>
                </OPCION>
                <OPCION>
                    <VALOR>AKR</VALOR>
                    <TEXTO>Akrotiri y Dhekelia</TEXTO>
                </OPCION>
                <OPCION>
                    <VALOR>ALA</VALOR>
                    <TEXTO>Aland</TEXTO>
                </OPCION>
                <OPCION>
                    <VALOR>ALB</VALOR>
                    <TEXTO>Albania</TEXTO>
                </OPCION>
                <OPCION>
                    <VALOR>ALG</VALOR>
                    <TEXTO>Argelia</TEXTO>
                </OPCION>
                <OPCION>
                    <VALOR>AMS</VALOR>
                    <TEXTO>Samoa Americana</TEXTO>
                </OPCION>
                <OPCION>
                    <VALOR>AND</VALOR>
                    <TEXTO>Andorra</TEXTO>
                </OPCION>
                <OPCION>
                    <VALOR>ANG</VALOR>
                    <TEXTO>Angola</TEXTO>
                </OPCION>
                <OPCION>
                    <VALOR>ANU</VALOR>
                    <TEXTO>Anguilla</TEXTO>
                </OPCION>
                <OPCION>
                    <VALOR>ANT</VALOR>
                    <TEXTO>Antigua y Barbuda</TEXTO>
                </OPCION>
                <OPCION>
                    <VALOR>ARM</VALOR>
                    <TEXTO>Armenia</TEXTO>
                </OPCION>
                <OPCION>
                    <VALOR>ARU</VALOR>
                    <TEXTO>Aruba</TEXTO>
                </OPCION>
                <OPCION>
                    <VALOR>ASC</VALOR>
                    <TEXTO>Isla Ascension</TEXTO>
                </OPCION>
                <OPCION>
                    <VALOR>AUT</VALOR>
                    <TEXTO>Austria</TEXTO>
                </OPCION>
                <OPCION>
                    <VALOR>AZE</VALOR>
                    <TEXTO>Azerbaiyan </TEXTO>
                </OPCION>
                <OPCION>
                    <VALOR>BAH</VALOR>
                    <TEXTO>Bahamas</TEXTO>
                </OPCION>
                <OPCION>
                    <VALOR>BHR</VALOR>
                    <TEXTO>Bahrein</TEXTO>
                </OPCION>
                <OPCION>
                    <VALOR>BNG</VALOR>
                    <TEXTO>Bangladesh </TEXTO>
                </OPCION>
                <OPCION>
                    <VALOR>BAR</VALOR>
                    <TEXTO>Barbados </TEXTO>
                </OPCION>
                <OPCION>
                    <VALOR>BLR</VALOR>
                    <TEXTO>Bielorrusia</TEXTO>
                </OPCION>
                <OPCION>
                    <VALOR>BEL</VALOR>
                    <TEXTO>Belgica </TEXTO>
                </OPCION>
                <OPCION>
                    <VALOR>BLZ</VALOR>
                    <TEXTO>Belice </TEXTO>
                </OPCION>
                <OPCION>
                    <VALOR>BEN</VALOR>
                    <TEXTO>Benin</TEXTO>
                </OPCION>
                <OPCION>
                    <VALOR>BER</VALOR>
                    <TEXTO>Bermudas</TEXTO>
                </OPCION>
                <OPCION>
                    <VALOR>BHU</VALOR>
                    <TEXTO>Butan</TEXTO>
                </OPCION>
                <OPCION>
                    <VALOR>BOS</VALOR>
                    <TEXTO>Bosnia Herzegovina </TEXTO>
                </OPCION>
                <OPCION>
                    <VALOR>BOT</VALOR>
                    <TEXTO>Botswana</TEXTO>
                </OPCION>
                <OPCION>
                    <VALOR>BRU</VALOR>
                    <TEXTO>Brunei Darussalam</TEXTO>
                </OPCION>
                <OPCION>
                    <VALOR>BGR</VALOR>
                    <TEXTO>Bulgaria</TEXTO>
                </OPCION>
                <OPCION>
                    <VALOR>BRK</VALOR>
                    <TEXTO>Burkina Faso</TEXTO>
                </OPCION>
                <OPCION>
                    <VALOR>BUR</VALOR>
                    <TEXTO>Burundi </TEXTO>
                </OPCION>
                <OPCION>
                    <VALOR>CAM</VALOR>
                    <TEXTO>Camboya</TEXTO>
                </OPCION>
                <OPCION>
                    <VALOR>CMR</VALOR>
                    <TEXTO>Camerun  </TEXTO>
                </OPCION>
                <OPCION>
                    <VALOR>CPV</VALOR>
                    <TEXTO>Cabo Verde </TEXTO>
                </OPCION>
                <OPCION>
                    <VALOR>CAY</VALOR>
                    <TEXTO>Islas Caiman</TEXTO>
                </OPCION>
                <OPCION>
                    <VALOR>CAR</VALOR>
                    <TEXTO>Republica Centroafricana </TEXTO>
                </OPCION>
                <OPCION>
                    <VALOR>CHD</VALOR>
                    <TEXTO>Chad</TEXTO>
                </OPCION>
                <OPCION>
                    <VALOR>CHN</VALOR>
                    <TEXTO>China</TEXTO>
                </OPCION>
                <OPCION>
                    <VALOR>CHR</VALOR>
                    <TEXTO>Islas Navidad </TEXTO>
                </OPCION>
                <OPCION>
                    <VALOR>COI</VALOR>
                    <TEXTO>Islas Cocos </TEXTO>
                </OPCION>
                <OPCION>
                    <VALOR>COL</VALOR>
                    <TEXTO>Colombia</TEXTO>
                </OPCION>
                <OPCION>
                    <VALOR>COM</VALOR>
                    <TEXTO>Comoras </TEXTO>
                </OPCION>
                <OPCION>
                    <VALOR>CON</VALOR>
                    <TEXTO>Congo, Republica Democrata de  </TEXTO>
                </OPCION>
                <OPCION>
                    <VALOR>CNG</VALOR>
                    <TEXTO>Congo, Republica del </TEXTO>
                </OPCION>
                <OPCION>
                    <VALOR>COO</VALOR>
                    <TEXTO>Islas Cook</TEXTO>
                </OPCION>
                <OPCION>
                    <VALOR>CRI</VALOR>
                    <TEXTO>Costa Rica </TEXTO>
                </OPCION>
                <OPCION>
                    <VALOR>COT</VALOR>
                    <TEXTO>Costa de Marfil</TEXTO>
                </OPCION>
                <OPCION>
                    <VALOR>HRV</VALOR>
                    <TEXTO>Croacia</TEXTO>
                </OPCION>
                <OPCION>
                    <VALOR>CUB</VALOR>
                    <TEXTO>Cuba</TEXTO>
                </OPCION>
                <OPCION>
                    <VALOR>CYP</VALOR>
                    <TEXTO>Chipre</TEXTO>
                </OPCION>
                <OPCION>
                    <VALOR>CZE</VALOR>
                    <TEXTO>Republica Checa</TEXTO>
                </OPCION>
                <OPCION>
                    <VALOR>DNK</VALOR>
                    <TEXTO>Dinamarca </TEXTO>
                </OPCION>
                <OPCION>
                    <VALOR>DJI</VALOR>
                    <TEXTO>Yibuti </TEXTO>
                </OPCION>
                <OPCION>
                    <VALOR>DOM</VALOR>
                    <TEXTO>Dominica </TEXTO>
                </OPCION>
                <OPCION>
                    <VALOR>DMR</VALOR>
                    <TEXTO>Republica Dominicana</TEXTO>
                </OPCION>
                <OPCION>
                    <VALOR>EGY</VALOR>
                    <TEXTO>Egipto</TEXTO>
                </OPCION>
                <OPCION>
                    <VALOR>SLV</VALOR>
                    <TEXTO>El Salvador</TEXTO>
                </OPCION>
                <OPCION>
                    <VALOR>EQG</VALOR>
                    <TEXTO>Guinea Ecuatorial</TEXTO>
                </OPCION>
                <OPCION>
                    <VALOR>ERI</VALOR>
                    <TEXTO>Eritrea</TEXTO>
                </OPCION>
                <OPCION>
                    <VALOR>EST</VALOR>
                    <TEXTO>Estonia               </TEXTO>
                </OPCION>
                <OPCION>
                    <VALOR>ETH</VALOR>
                    <TEXTO>Etiopia </TEXTO>
                </OPCION>
                <OPCION>
                    <VALOR>FAL</VALOR>
                    <TEXTO>Islas Malvinas </TEXTO>
                </OPCION>
                <OPCION>
                    <VALOR>FAR</VALOR>
                    <TEXTO>Islas de Faroe    </TEXTO>
                </OPCION>
                <OPCION>
                    <VALOR>FIJ</VALOR>
                    <TEXTO>Fidji</TEXTO>
                </OPCION>
                <OPCION>
                    <VALOR>FIN</VALOR>
                    <TEXTO>Finlandia</TEXTO>
                </OPCION>
                <OPCION>
                    <VALOR>GUF</VALOR>
                    <TEXTO>French Guiana                         </TEXTO>
                </OPCION>
                <OPCION>
                    <VALOR>FRP</VALOR>
                    <TEXTO>Polinesia Francesa  </TEXTO>
                </OPCION>
                <OPCION>
                    <VALOR>GAB</VALOR>
                    <TEXTO>Gabon</TEXTO>
                </OPCION>
                <OPCION>
                    <VALOR>GAM</VALOR>
                    <TEXTO>Gambia</TEXTO>
                </OPCION>
                <OPCION>
                    <VALOR>GEO</VALOR>
                    <TEXTO>Georgia     </TEXTO>
                </OPCION>
                <OPCION>
                    <VALOR>GHA</VALOR>
                    <TEXTO>Ghana</TEXTO>
                </OPCION>
                <OPCION>
                    <VALOR>GIB</VALOR>
                    <TEXTO>Gibraltar</TEXTO>
                </OPCION>
                <OPCION>
                    <VALOR>GRC</VALOR>
                    <TEXTO>Grecia</TEXTO>
                </OPCION>
                <OPCION>
                    <VALOR>GRE</VALOR>
                    <TEXTO>Groenlandia</TEXTO>
                </OPCION>
                <OPCION>
                    <VALOR>GRN</VALOR>
                    <TEXTO>Granada</TEXTO>
                </OPCION>
                <OPCION>
                    <VALOR>GUA</VALOR>
                    <TEXTO>Guam</TEXTO>
                </OPCION>
                <OPCION>
                    <VALOR>GTE</VALOR>
                    <TEXTO>Guatemala</TEXTO>
                </OPCION>
                <OPCION>
                    <VALOR>GUE</VALOR>
                    <TEXTO>Guernesey</TEXTO>
                </OPCION>
                <OPCION>
                    <VALOR>GUI</VALOR>
                    <TEXTO>Guinea</TEXTO>
                </OPCION>
                <OPCION>
                    <VALOR>GUB</VALOR>
                    <TEXTO>Guinea</TEXTO>
                </OPCION>
                <OPCION>
                    <VALOR>GUY</VALOR>
                    <TEXTO>Guyana </TEXTO>
                </OPCION>
                <OPCION>
                    <VALOR>HAI</VALOR>
                    <TEXTO>Haiti</TEXTO>
                </OPCION>
                <OPCION>
                    <VALOR>HON</VALOR>
                    <TEXTO>Honduras</TEXTO>
                </OPCION>
                <OPCION>
                    <VALOR>HKG</VALOR>
                    <TEXTO>Hong Kong </TEXTO>
                </OPCION>
                <OPCION>
                    <VALOR>HUN</VALOR>
                    <TEXTO>Hungria  </TEXTO>
                </OPCION>
                <OPCION>
                    <VALOR>ICE</VALOR>
                    <TEXTO>Islandia</TEXTO>
                </OPCION>
                <OPCION>
                    <VALOR>IND</VALOR>
                    <TEXTO>India</TEXTO>
                </OPCION>
                <OPCION>
                    <VALOR>INO</VALOR>
                    <TEXTO>Indonesia</TEXTO>
                </OPCION>
                <OPCION>
                    <VALOR>IRN</VALOR>
                    <TEXTO>Iran         </TEXTO>
                </OPCION>
                <OPCION>
                    <VALOR>IRQ</VALOR>
                    <TEXTO>Iraq </TEXTO>
                </OPCION>
                <OPCION>
                    <VALOR>IRL</VALOR>
                    <TEXTO>Irlanda </TEXTO>
                </OPCION>
                <OPCION>
                    <VALOR>ISM</VALOR>
                    <TEXTO>Isla del Hombre</TEXTO>
                </OPCION>
                <OPCION>
                    <VALOR>ISR</VALOR>
                    <TEXTO>Israel</TEXTO>
                </OPCION>
                <OPCION>
                    <VALOR>JAM</VALOR>
                    <TEXTO>Jamaica </TEXTO>
                </OPCION>
                <OPCION>
                    <VALOR>JPN</VALOR>
                    <TEXTO>Japon  </TEXTO>
                </OPCION>
                <OPCION>
                    <VALOR>JER</VALOR>
                    <TEXTO>Jersey</TEXTO>
                </OPCION>
                <OPCION>
                    <VALOR>JOR</VALOR>
                    <TEXTO>Jordania </TEXTO>
                </OPCION>
                <OPCION>
                    <VALOR>KAZ</VALOR>
                    <TEXTO>Kazajistan</TEXTO>
                </OPCION>
                <OPCION>
                    <VALOR>KEN</VALOR>
                    <TEXTO>Kenia</TEXTO>
                </OPCION>
                <OPCION>
                    <VALOR>KIR</VALOR>
                    <TEXTO>Kiribati</TEXTO>
                </OPCION>
                <OPCION>
                    <VALOR>KDP</VALOR>
                    <TEXTO>Corea del Norte</TEXTO>
                </OPCION>
                <OPCION>
                    <VALOR>KOR</VALOR>
                    <TEXTO>Corea del Sur</TEXTO>
                </OPCION>
                <OPCION>
                    <VALOR>KUW</VALOR>
                    <TEXTO>Kuwait</TEXTO>
                </OPCION>
                <OPCION>
                    <VALOR>KYR</VALOR>
                    <TEXTO>Kirguistan </TEXTO>
                </OPCION>
                <OPCION>
                    <VALOR>LAO</VALOR>
                    <TEXTO>Laos</TEXTO>
                </OPCION>
                <OPCION>
                    <VALOR>LVA</VALOR>
                    <TEXTO>Letonia  </TEXTO>
                </OPCION>
                <OPCION>
                    <VALOR>LBN</VALOR>
                    <TEXTO>Libano </TEXTO>
                </OPCION>
                <OPCION>
                    <VALOR>LES</VALOR>
                    <TEXTO>Lesotho</TEXTO>
                </OPCION>
                <OPCION>
                    <VALOR>LIB</VALOR>
                    <TEXTO>Liberia</TEXTO>
                </OPCION>
                <OPCION>
                    <VALOR>LBY</VALOR>
                    <TEXTO>Libia</TEXTO>
                </OPCION>
                <OPCION>
                    <VALOR>LIE</VALOR>
                    <TEXTO>Liechtenstein </TEXTO>
                </OPCION>
                <OPCION>
                    <VALOR>LTU</VALOR>
                    <TEXTO>Lituania </TEXTO>
                </OPCION>
                <OPCION>
                    <VALOR>LUX</VALOR>
                    <TEXTO>Luxemburgo </TEXTO>
                </OPCION>
                <OPCION>
                    <VALOR>MAC</VALOR>
                    <TEXTO>Macao</TEXTO>
                </OPCION>
                <OPCION>
                    <VALOR>MKD</VALOR>
                    <TEXTO>Macedonia, Republica de  </TEXTO>
                </OPCION>
                <OPCION>
                    <VALOR>MAD</VALOR>
                    <TEXTO>Madagascar</TEXTO>
                </OPCION>
                <OPCION>
                    <VALOR>MAL</VALOR>
                    <TEXTO>Malaui</TEXTO>
                </OPCION>
                <OPCION>
                    <VALOR>MYS</VALOR>
                    <TEXTO>Malasia</TEXTO>
                </OPCION>
                <OPCION>
                    <VALOR>MLD</VALOR>
                    <TEXTO>Maldivas </TEXTO>
                </OPCION>
                <OPCION>
                    <VALOR>MLI</VALOR>
                    <TEXTO>Mali</TEXTO>
                </OPCION>
                <OPCION>
                    <VALOR>MLT</VALOR>
                    <TEXTO>Malta</TEXTO>
                </OPCION>
                <OPCION>
                    <VALOR>MRS</VALOR>
                    <TEXTO>Islas Marshall </TEXTO>
                </OPCION>
                <OPCION>
                    <VALOR>MTQ</VALOR>
                    <TEXTO>Martinique                              </TEXTO>
                </OPCION>
                <OPCION>
                    <VALOR>MAU</VALOR>
                    <TEXTO>Mauritania</TEXTO>
                </OPCION>
                <OPCION>
                    <VALOR>MAI</VALOR>
                    <TEXTO>Mauricio</TEXTO>
                </OPCION>
                <OPCION>
                    <VALOR>MAY</VALOR>
                    <TEXTO>Mayotte</TEXTO>
                </OPCION>
                <OPCION>
                    <VALOR>MIC</VALOR>
                    <TEXTO>Micronesia</TEXTO>
                </OPCION>
                <OPCION>
                    <VALOR>MOL</VALOR>
                    <TEXTO>Moldavia</TEXTO>
                </OPCION>
                <OPCION>
                    <VALOR>MON</VALOR>
                    <TEXTO>Monaco</TEXTO>
                </OPCION>
                <OPCION>
                    <VALOR>MNG</VALOR>
                    <TEXTO>Mongolia</TEXTO>
                </OPCION>
                <OPCION>
                    <VALOR>MNS</VALOR>
                    <TEXTO>Monserrat </TEXTO>
                </OPCION>
                <OPCION>
                    <VALOR>MNT</VALOR>
                    <TEXTO>Montenegro</TEXTO>
                </OPCION>
                <OPCION>
                    <VALOR>MOR</VALOR>
                    <TEXTO>Marruecos</TEXTO>
                </OPCION>
                <OPCION>
                    <VALOR>MOZ</VALOR>
                    <TEXTO>Mozambique</TEXTO>
                </OPCION>
                <OPCION>
                    <VALOR>MYA</VALOR>
                    <TEXTO>Myanmar, Union de (Birmania)</TEXTO>
                </OPCION>
                <OPCION>
                    <VALOR>NAG</VALOR>
                    <TEXTO>Nagorno</TEXTO>
                </OPCION>
                <OPCION>
                    <VALOR>NAM</VALOR>
                    <TEXTO>Namibia                   </TEXTO>
                </OPCION>
                <OPCION>
                    <VALOR>NAR</VALOR>
                    <TEXTO>Nauru</TEXTO>
                </OPCION>
                <OPCION>
                    <VALOR>NEP</VALOR>
                    <TEXTO>Nepal                </TEXTO>
                </OPCION>
                <OPCION>
                    <VALOR>NLA</VALOR>
                    <TEXTO>Antillas Holandesas                        </TEXTO>
                </OPCION>
                <OPCION>
                    <VALOR>NWC</VALOR>
                    <TEXTO>Nueva Caledonia                   </TEXTO>
                </OPCION>
                <OPCION>
                    <VALOR>NZL</VALOR>
                    <TEXTO>Nueva Zelanda</TEXTO>
                </OPCION>
                <OPCION>
                    <VALOR>NIC</VALOR>
                    <TEXTO>Nicaragua                   </TEXTO>
                </OPCION>
                <OPCION>
                    <VALOR>NGR</VALOR>
                    <TEXTO>Niger                   </TEXTO>
                </OPCION>
                <OPCION>
                    <VALOR>NGA</VALOR>
                    <TEXTO>Nigeria                </TEXTO>
                </OPCION>
                <OPCION>
                    <VALOR>NIU</VALOR>
                    <TEXTO>Niue                   </TEXTO>
                </OPCION>
                <OPCION>
                    <VALOR>NOF</VALOR>
                    <TEXTO>Isla Norfolk                </TEXTO>
                </OPCION>
                <OPCION>
                    <VALOR>NCY</VALOR>
                    <TEXTO>Chipre Septentrional                    </TEXTO>
                </OPCION>
                <OPCION>
                    <VALOR>NMI</VALOR>
                    <TEXTO>Islas Septentrionales de Mariana        </TEXTO>
                </OPCION>
                <OPCION>
                    <VALOR>NRW</VALOR>
                    <TEXTO>Noruega                  </TEXTO>
                </OPCION>
                <OPCION>
                    <VALOR>OMA</VALOR>
                    <TEXTO>Oman                   </TEXTO>
                </OPCION>
                <OPCION>
                    <VALOR>PAK</VALOR>
                    <TEXTO>Pakistan                   </TEXTO>
                </OPCION>
                <OPCION>
                    <VALOR>PAL</VALOR>
                    <TEXTO>Palau                   </TEXTO>
                </OPCION>
                <OPCION>
                    <VALOR>PLS</VALOR>
                    <TEXTO>Palestina                    </TEXTO>
                </OPCION>
                <OPCION>
                    <VALOR>PNM</VALOR>
                    <TEXTO>Panama                    </TEXTO>
                </OPCION>
                <OPCION>
                    <VALOR>PAP</VALOR>
                    <TEXTO>Papua Nueva Guinea                    </TEXTO>
                </OPCION>
                <OPCION>
                    <VALOR>PHL</VALOR>
                    <TEXTO>Filipinas                  </TEXTO>
                </OPCION>
                <OPCION>
                    <VALOR>PIT</VALOR>
                    <TEXTO>Islas Pitcairn                    </TEXTO>
                </OPCION>
                <OPCION>
                    <VALOR>POL</VALOR>
                    <TEXTO>Polonia                    </TEXTO>
                </OPCION>
                <OPCION>
                    <VALOR>PRT</VALOR>
                    <TEXTO>Portugal                   </TEXTO>
                </OPCION>
                <OPCION>
                    <VALOR>PRI</VALOR>
                    <TEXTO>Pridnestrovie                   </TEXTO>
                </OPCION>
                <OPCION>
                    <VALOR>PUE</VALOR>
                    <TEXTO>Puerto Rico  </TEXTO>
                </OPCION>
                <OPCION>
                    <VALOR>QAT</VALOR>
                    <TEXTO>Qatar                   </TEXTO>
                </OPCION>
                <OPCION>
                    <VALOR>ROM</VALOR>
                    <TEXTO>Rumania                   </TEXTO>
                </OPCION>
                <OPCION>
                    <VALOR>RUS</VALOR>
                    <TEXTO>Rusia                                   </TEXTO>
                </OPCION>
                <OPCION>
                    <VALOR>RWA</VALOR>
                    <TEXTO>Ruanda </TEXTO>
                </OPCION>
                <OPCION>
                    <VALOR>REU</VALOR>
                    <TEXTO>Reunion                                   </TEXTO>
                </OPCION>
                <OPCION>
                    <VALOR>BLM</VALOR>
                    <TEXTO>Saint Barthelemy                        </TEXTO>
                </OPCION>
                <OPCION>
                    <VALOR>STH</VALOR>
                    <TEXTO>Santa Helena                      </TEXTO>
                </OPCION>
                <OPCION>
                    <VALOR>STK</VALOR>
                    <TEXTO>San Cristobal y Nevis                    </TEXTO>
                </OPCION>
                <OPCION>
                    <VALOR>STL</VALOR>
                    <TEXTO>Santa Lucia                    </TEXTO>
                </OPCION>
                <OPCION>
                    <VALOR>MAF</VALOR>
                    <TEXTO>Saint Martin   </TEXTO>
                </OPCION>
                <OPCION>
                    <VALOR>STV</VALOR>
                    <TEXTO>San Vicente y las Granadinas          </TEXTO>
                </OPCION>
                <OPCION>
                    <VALOR>STP</VALOR>
                    <TEXTO>San Pedro y Miguelon                 </TEXTO>
                </OPCION>
                <OPCION>
                    <VALOR>SAM</VALOR>
                    <TEXTO>Samoa                        </TEXTO>
                </OPCION>
                <OPCION>
                    <VALOR>SAN</VALOR>
                    <TEXTO>San Marino                      </TEXTO>
                </OPCION>
                <OPCION>
                    <VALOR>SAO</VALOR>
                    <TEXTO>Santo Tome y Principe                   </TEXTO>
                </OPCION>
                <OPCION>
                    <VALOR>SAU</VALOR>
                    <TEXTO>Arabia Saudita                   </TEXTO>
                </OPCION>
                <OPCION>
                    <VALOR>SEN</VALOR>
                    <TEXTO>Senegal                   </TEXTO>
                </OPCION>
                <OPCION>
                    <VALOR>SER</VALOR>
                    <TEXTO>Serbia</TEXTO>
                </OPCION>
                <OPCION>
                    <VALOR>SEY</VALOR>
                    <TEXTO>Seychelles                   </TEXTO>
                </OPCION>
                <OPCION>
                    <VALOR>SIE</VALOR>
                    <TEXTO>Sierra Leona                     </TEXTO>
                </OPCION>
                <OPCION>
                    <VALOR>SGP</VALOR>
                    <TEXTO>Singapur                    </TEXTO>
                </OPCION>
                <OPCION>
                    <VALOR>SVK</VALOR>
                    <TEXTO>Eslovaquia                     </TEXTO>
                </OPCION>
                <OPCION>
                    <VALOR>SVN</VALOR>
                    <TEXTO>Eslovenia                               </TEXTO>
                </OPCION>
                <OPCION>
                    <VALOR>SOL</VALOR>
                    <TEXTO>Islas Salomon                   </TEXTO>
                </OPCION>
                <OPCION>
                    <VALOR>SOM</VALOR>
                    <TEXTO>Somalia                   </TEXTO>
                </OPCION>
                <OPCION>
                    <VALOR>SML</VALOR>
                    <TEXTO>Somaliland                    </TEXTO>
                </OPCION>
                <OPCION>
                    <VALOR>ZAF</VALOR>
                    <TEXTO>Sudafrica                   </TEXTO>
                </OPCION>
                <OPCION>
                    <VALOR>SOS</VALOR>
                    <TEXTO>Ossetia del sur                    </TEXTO>
                </OPCION>
                <OPCION>
                    <VALOR>SRI</VALOR>
                    <TEXTO>Sri Lanka                   </TEXTO>
                </OPCION>
                <OPCION>
                    <VALOR>SUD</VALOR>
                    <TEXTO>Sudan                   </TEXTO>
                </OPCION>
                <OPCION>
                    <VALOR>SUR</VALOR>
                    <TEXTO>Surinam                   </TEXTO>
                </OPCION>
                <OPCION>
                    <VALOR>SVA</VALOR>
                    <TEXTO>Svalbard                   </TEXTO>
                </OPCION>
                <OPCION>
                    <VALOR>SWA</VALOR>
                    <TEXTO>Swazilandia                    </TEXTO>
                </OPCION>
                <OPCION>
                    <VALOR>SWE</VALOR>
                    <TEXTO>Suecia                   </TEXTO>
                </OPCION>
                <OPCION>
                    <VALOR>SYR</VALOR>
                    <TEXTO>Siria</TEXTO>
                </OPCION>
                <OPCION>
                    <VALOR>TAJ</VALOR>
                    <TEXTO>Tayikistan    </TEXTO>
                </OPCION>
                <OPCION>
                    <VALOR>TAN</VALOR>
                    <TEXTO>Tanzania    </TEXTO>
                </OPCION>
                <OPCION>
                    <VALOR>THA</VALOR>
                    <TEXTO>Tailandia    </TEXTO>
                </OPCION>
                <OPCION>
                    <VALOR>TIM</VALOR>
                    <TEXTO>Timor Oriental    </TEXTO>
                </OPCION>
                <OPCION>
                    <VALOR>TOG</VALOR>
                    <TEXTO>Togo     </TEXTO>
                </OPCION>
                <OPCION>
                    <VALOR>TOK</VALOR>
                    <TEXTO>Tokelau </TEXTO>
                </OPCION>
                <OPCION>
                    <VALOR>TON</VALOR>
                    <TEXTO>Tonga    </TEXTO>
                </OPCION>
                <OPCION>
                    <VALOR>TRI</VALOR>
                    <TEXTO>Trinidad y Tobago       </TEXTO>
                </OPCION>
                <OPCION>
                    <VALOR>TRS</VALOR>
                    <TEXTO>Tristan da Cunha      </TEXTO>
                </OPCION>
                <OPCION>
                    <VALOR>TUN</VALOR>
                    <TEXTO>Tunez    </TEXTO>
                </OPCION>
                <OPCION>
                    <VALOR>TUR</VALOR>
                    <TEXTO>Turquia     </TEXTO>
                </OPCION>
                <OPCION>
                    <VALOR>TKM</VALOR>
                    <TEXTO>Turkmenistan     </TEXTO>
                </OPCION>
                <OPCION>
                    <VALOR>TKS</VALOR>
                    <TEXTO>Turcas y Caicos     </TEXTO>
                </OPCION>
                <OPCION>
                    <VALOR>TUV</VALOR>
                    <TEXTO>Tuvalu    </TEXTO>
                </OPCION>
                <OPCION>
                    <VALOR>UGN</VALOR>
                    <TEXTO>Uganda    </TEXTO>
                </OPCION>
                <OPCION>
                    <VALOR>UKR</VALOR>
                    <TEXTO>Ucrania</TEXTO>
                </OPCION>
                <OPCION>
                    <VALOR>UAE</VALOR>
                    <TEXTO>Emiratos Arabes Unidos     </TEXTO>
                </OPCION>
                <OPCION>
                    <VALOR>UZB</VALOR>
                    <TEXTO>Uzbekistan</TEXTO>
                </OPCION>
                <OPCION>
                    <VALOR>VAN</VALOR>
                    <TEXTO>Vanuato    </TEXTO>
                </OPCION>
                <OPCION>
                    <VALOR>VAT</VALOR>
                    <TEXTO>Ciudad del Vaticano    </TEXTO>
                </OPCION>
                <OPCION>
                    <VALOR>VNM</VALOR>
                    <TEXTO>Vietnam    </TEXTO>
                </OPCION>
                <OPCION>
                    <VALOR>VGB</VALOR>
                    <TEXTO>Islas Virgenes Britanicas          </TEXTO>
                </OPCION>
                <OPCION>
                    <VALOR>VGU</VALOR>
                    <TEXTO>Islas Virgenes, Estados Unidos    </TEXTO>
                </OPCION>
                <OPCION>
                    <VALOR>WAL</VALOR>
                    <TEXTO>Wallis y Futuna</TEXTO>
                </OPCION>
                <OPCION>
                    <VALOR>WSA</VALOR>
                    <TEXTO>Sahara Occidental</TEXTO>
                </OPCION>
                <OPCION>
                    <VALOR>YEM</VALOR>
                    <TEXTO>Yemen    </TEXTO>
                </OPCION>
                <OPCION>
                    <VALOR>ZAM</VALOR>
                    <TEXTO>Zambia    </TEXTO>
                </OPCION>
                <OPCION>
                    <VALOR>ZIM</VALOR>
                    <TEXTO>Zimbabwe  </TEXTO>
                </OPCION>
            </OPCIONES>
            <PARAMETER></PARAMETER>
            <RECONOCEDOR></RECONOCEDOR>
            <EDITABLE>SI</EDITABLE>
        </PREGUNTA>
        <PREGUNTA>
            <SURVEYID>4</SURVEYID>
            <QUESTIONID>1</QUESTIONID>
            <CHOICEID>17</CHOICEID>
            <CHOICETEXT>Sexo:</CHOICETEXT>
            <CHOICETYPE>8</CHOICETYPE>
            <CHOICELEN>0</CHOICELEN>
            <CHOICEFORCE>1</CHOICEFORCE>
            <DATAFIELD></DATAFIELD>
            <TEXTANSWER></TEXTANSWER>
            <NUMANSWER></NUMANSWER>
            <QUERY>XSP_GETSEXO</QUERY>
            <OPCIONES>
                <OPCION>
                    <VALOR>M</VALOR>
                    <TEXTO>Masculino</TEXTO>
                </OPCION>
                <OPCION>
                    <VALOR>F</VALOR>
                    <TEXTO>Femenino</TEXTO>
                </OPCION>
            </OPCIONES>
            <PARAMETER></PARAMETER>
            <RECONOCEDOR></RECONOCEDOR>
            <EDITABLE>SI</EDITABLE>
        </PREGUNTA>
        <PREGUNTA>
            <SURVEYID>4</SURVEYID>
            <QUESTIONID>1</QUESTIONID>
            <CHOICEID>18</CHOICEID>
            <CHOICETEXT>Edo Civil:</CHOICETEXT>
            <CHOICETYPE>8</CHOICETYPE>
            <CHOICELEN>0</CHOICELEN>
            <CHOICEFORCE>1</CHOICEFORCE>
            <DATAFIELD></DATAFIELD>
            <TEXTANSWER></TEXTANSWER>
            <NUMANSWER></NUMANSWER>
            <QUERY>XSP_GETEDOCIVIL</QUERY>
            <OPCIONES>
                <OPCION>
                    <VALOR>1</VALOR>
                    <TEXTO>SOLTERO</TEXTO>
                </OPCION>
                <OPCION>
                    <VALOR>2</VALOR>
                    <TEXTO>CASADO</TEXTO>
                </OPCION>
                <OPCION>
                    <VALOR>3</VALOR>
                    <TEXTO>DIVORCIADO</TEXTO>
                </OPCION>
                <OPCION>
                    <VALOR>4</VALOR>
                    <TEXTO>VIUDO</TEXTO>
                </OPCION>
                <OPCION>
                    <VALOR>5</VALOR>
                    <TEXTO>UNION_LIBRE</TEXTO>
                </OPCION>
                <OPCION>
                    <VALOR>6</VALOR>
                    <TEXTO>SEPARADO</TEXTO>
                </OPCION>
            </OPCIONES>
            <PARAMETER></PARAMETER>
            <RECONOCEDOR></RECONOCEDOR>
            <EDITABLE>SI</EDITABLE>
        </PREGUNTA>
        <PREGUNTA>
            <SURVEYID>4</SURVEYID>
            <QUESTIONID>1</QUESTIONID>
            <CHOICEID>19</CHOICEID>
            <CHOICETEXT>Dependientes economicos:</CHOICETEXT>
            <CHOICETYPE>8</CHOICETYPE>
            <CHOICELEN>0</CHOICELEN>
            <CHOICEFORCE>1</CHOICEFORCE>
            <DATAFIELD></DATAFIELD>
            <TEXTANSWER></TEXTANSWER>
            <NUMANSWER></NUMANSWER>
            <QUERY>XSP_GETDEPENDIENTES</QUERY>
            <OPCIONES>
                <OPCION>
                    <VALOR>00</VALOR>
                    <TEXTO>00</TEXTO>
                </OPCION>
                <OPCION>
                    <VALOR>01</VALOR>
                    <TEXTO>01</TEXTO>
                </OPCION>
                <OPCION>
                    <VALOR>02</VALOR>
                    <TEXTO>02</TEXTO>
                </OPCION>
                <OPCION>
                    <VALOR>03</VALOR>
                    <TEXTO>03</TEXTO>
                </OPCION>
                <OPCION>
                    <VALOR>04</VALOR>
                    <TEXTO>04</TEXTO>
                </OPCION>
                <OPCION>
                    <VALOR>05</VALOR>
                    <TEXTO>05</TEXTO>
                </OPCION>
                <OPCION>
                    <VALOR>06</VALOR>
                    <TEXTO>06</TEXTO>
                </OPCION>
                <OPCION>
                    <VALOR>07</VALOR>
                    <TEXTO>07</TEXTO>
                </OPCION>
                <OPCION>
                    <VALOR>08</VALOR>
                    <TEXTO>08</TEXTO>
                </OPCION>
                <OPCION>
                    <VALOR>09</VALOR>
                    <TEXTO>09</TEXTO>
                </OPCION>
                <OPCION>
                    <VALOR>10</VALOR>
                    <TEXTO>10</TEXTO>
                </OPCION>
                <OPCION>
                    <VALOR>11</VALOR>
                    <TEXTO>11</TEXTO>
                </OPCION>
            </OPCIONES>
            <PARAMETER></PARAMETER>
            <RECONOCEDOR>(null)</RECONOCEDOR>
            <EDITABLE>SI</EDITABLE>
        </PREGUNTA>
        <PREGUNTA>
            <SURVEYID>4</SURVEYID>
            <QUESTIONID>1</QUESTIONID>
            <CHOICEID>22</CHOICEID>
            <CHOICETEXT>?Estado donde nacio?</CHOICETEXT>
            <CHOICETYPE>8</CHOICETYPE>
            <CHOICELEN>15</CHOICELEN>
            <CHOICEFORCE>1</CHOICEFORCE>
            <DATAFIELD></DATAFIELD>
            <TEXTANSWER></TEXTANSWER>
            <NUMANSWER></NUMANSWER>
            <QUERY>XSP_GETNACIMIENTO</QUERY>
            <OPCIONES>
                <OPCION>
                    <VALOR>1</VALOR>
                    <TEXTO>AGUASCALIENTES</TEXTO>
                </OPCION>
                <OPCION>
                    <VALOR>2</VALOR>
                    <TEXTO>BAJA CALIFORNIA</TEXTO>
                </OPCION>
                <OPCION>
                    <VALOR>3</VALOR>
                    <TEXTO>BAJA CALIFORNIA SUR</TEXTO>
                </OPCION>
                <OPCION>
                    <VALOR>4</VALOR>
                    <TEXTO>CAMPECHE</TEXTO>
                </OPCION>
                <OPCION>
                    <VALOR>5</VALOR>
                    <TEXTO>CHIAPAS</TEXTO>
                </OPCION>
                <OPCION>
                    <VALOR>6</VALOR>
                    <TEXTO>CHIHUAHUA</TEXTO>
                </OPCION>
                <OPCION>
                    <VALOR>7</VALOR>
                    <TEXTO>COAHUILA</TEXTO>
                </OPCION>
                <OPCION>
                    <VALOR>8</VALOR>
                    <TEXTO>COLIMA</TEXTO>
                </OPCION>
                <OPCION>
                    <VALOR>9</VALOR>
                    <TEXTO>DISTRITO FEDERAL</TEXTO>
                </OPCION>
                <OPCION>
                    <VALOR>10</VALOR>
                    <TEXTO>DURANGO</TEXTO>
                </OPCION>
                <OPCION>
                    <VALOR>11</VALOR>
                    <TEXTO>GUANAJUATO</TEXTO>
                </OPCION>
                <OPCION>
                    <VALOR>12</VALOR>
                    <TEXTO>GUERRERO</TEXTO>
                </OPCION>
                <OPCION>
                    <VALOR>13</VALOR>
                    <TEXTO>HIDALGO</TEXTO>
                </OPCION>
                <OPCION>
                    <VALOR>14</VALOR>
                    <TEXTO>JALISCO</TEXTO>
                </OPCION>
                <OPCION>
                    <VALOR>15</VALOR>
                    <TEXTO>MEXICO</TEXTO>
                </OPCION>
                <OPCION>
                    <VALOR>16</VALOR>
                    <TEXTO>MICHOACAN</TEXTO>
                </OPCION>
                <OPCION>
                    <VALOR>17</VALOR>
                    <TEXTO>MORELOS</TEXTO>
                </OPCION>
                <OPCION>
                    <VALOR>18</VALOR>
                    <TEXTO>NAYARIT</TEXTO>
                </OPCION>
                <OPCION>
                    <VALOR>19</VALOR>
                    <TEXTO>NUEVO LEON</TEXTO>
                </OPCION>
                <OPCION>
                    <VALOR>20</VALOR>
                    <TEXTO>OAXACA</TEXTO>
                </OPCION>
                <OPCION>
                    <VALOR>21</VALOR>
                    <TEXTO>PUEBLA</TEXTO>
                </OPCION>
                <OPCION>
                    <VALOR>22</VALOR>
                    <TEXTO>QUERETARO</TEXTO>
                </OPCION>
                <OPCION>
                    <VALOR>23</VALOR>
                    <TEXTO>QUINTANA ROO</TEXTO>
                </OPCION>
                <OPCION>
                    <VALOR>24</VALOR>
                    <TEXTO>SAN LUIS POTOSI</TEXTO>
                </OPCION>
                <OPCION>
                    <VALOR>25</VALOR>
                    <TEXTO>SINALOA</TEXTO>
                </OPCION>
                <OPCION>
                    <VALOR>26</VALOR>
                    <TEXTO>SONORA</TEXTO>
                </OPCION>
                <OPCION>
                    <VALOR>27</VALOR>
                    <TEXTO>TABASCO</TEXTO>
                </OPCION>
                <OPCION>
                    <VALOR>28</VALOR>
                    <TEXTO>TAMAULIPAS</TEXTO>
                </OPCION>
                <OPCION>
                    <VALOR>29</VALOR>
                    <TEXTO>TLAXCALA</TEXTO>
                </OPCION>
                <OPCION>
                    <VALOR>30</VALOR>
                    <TEXTO>VERACRUZ</TEXTO>
                </OPCION>
                <OPCION>
                    <VALOR>31</VALOR>
                    <TEXTO>YUCATAN</TEXTO>
                </OPCION>
                <OPCION>
                    <VALOR>32</VALOR>
                    <TEXTO>ZACATECAS</TEXTO>
                </OPCION>
            </OPCIONES>
            <PARAMETER></PARAMETER>
            <RECONOCEDOR></RECONOCEDOR>
            <EDITABLE>SI</EDITABLE>
        </PREGUNTA>
        <PREGUNTA>
            <SURVEYID>4</SURVEYID>
            <QUESTIONID>1</QUESTIONID>
            <CHOICEID>23</CHOICEID>
            <CHOICETEXT>Estado alterno de Nacimiento</CHOICETEXT>
            <CHOICETYPE>5</CHOICETYPE>
            <CHOICELEN>30</CHOICELEN>
            <CHOICEFORCE>0</CHOICEFORCE>
            <DATAFIELD></DATAFIELD>
            <TEXTANSWER></TEXTANSWER>
            <NUMANSWER></NUMANSWER>
            <QUERY></QUERY>
            <PARAMETER></PARAMETER>
            <RECONOCEDOR></RECONOCEDOR>
            <EDITABLE>SI</EDITABLE>
        </PREGUNTA>
    </SECCION>
    <SECCION>
        <QUESTIONID>2</QUESTIONID>
        <QUESTIONTEXT>DOMICILIO</QUESTIONTEXT>
        <DISPLAYORDER>2</DISPLAYORDER>
        <FORCEANSWER>0</FORCEANSWER>
        <DESPLIEGAVALIDACION>0</DESPLIEGAVALIDACION>
        <PREGUNTA>
            <SURVEYID>4</SURVEYID>
            <QUESTIONID>2</QUESTIONID>
            <CHOICEID>1</CHOICEID>
            <CHOICETEXT>Antiguedad en vivienda actual A�os (YY):</CHOICETEXT>
            <CHOICETYPE>8</CHOICETYPE>
            <CHOICELEN>15</CHOICELEN>
            <CHOICEFORCE>1</CHOICEFORCE>
            <DATAFIELD></DATAFIELD>
            <TEXTANSWER></TEXTANSWER>
            <NUMANSWER></NUMANSWER>
            <QUERY>XSP_GETANIOSVIVIENDA</QUERY>
            <OPCIONES>
                <OPCION>
                    <VALOR>01</VALOR>
                    <TEXTO>01</TEXTO>
                </OPCION>
                <OPCION>
                    <VALOR>02</VALOR>
                    <TEXTO>02</TEXTO>
                </OPCION>
                <OPCION>
                    <VALOR>03</VALOR>
                    <TEXTO>03</TEXTO>
                </OPCION>
                <OPCION>
                    <VALOR>04</VALOR>
                    <TEXTO>04</TEXTO>
                </OPCION>
                <OPCION>
                    <VALOR>05</VALOR>
                    <TEXTO>05</TEXTO>
                </OPCION>
                <OPCION>
                    <VALOR>06</VALOR>
                    <TEXTO>06</TEXTO>
                </OPCION>
                <OPCION>
                    <VALOR>07</VALOR>
                    <TEXTO>07</TEXTO>
                </OPCION>
                <OPCION>
                    <VALOR>08</VALOR>
                    <TEXTO>08</TEXTO>
                </OPCION>
                <OPCION>
                    <VALOR>09</VALOR>
                    <TEXTO>09</TEXTO>
                </OPCION>
                <OPCION>
                    <VALOR>10</VALOR>
                    <TEXTO>10</TEXTO>
                </OPCION>
                <OPCION>
                    <VALOR>11</VALOR>
                    <TEXTO>11</TEXTO>
                </OPCION>
                <OPCION>
                    <VALOR>12</VALOR>
                    <TEXTO>12</TEXTO>
                </OPCION>
                <OPCION>
                    <VALOR>13</VALOR>
                    <TEXTO>13</TEXTO>
                </OPCION>
                <OPCION>
                    <VALOR>14</VALOR>
                    <TEXTO>14</TEXTO>
                </OPCION>
                <OPCION>
                    <VALOR>15</VALOR>
                    <TEXTO>15</TEXTO>
                </OPCION>
                <OPCION>
                    <VALOR>16</VALOR>
                    <TEXTO>16</TEXTO>
                </OPCION>
                <OPCION>
                    <VALOR>17</VALOR>
                    <TEXTO>17</TEXTO>
                </OPCION>
                <OPCION>
                    <VALOR>18</VALOR>
                    <TEXTO>18</TEXTO>
                </OPCION>
                <OPCION>
                    <VALOR>19</VALOR>
                    <TEXTO>19</TEXTO>
                </OPCION>
                <OPCION>
                    <VALOR>20</VALOR>
                    <TEXTO>20</TEXTO>
                </OPCION>
                <OPCION>
                    <VALOR>21</VALOR>
                    <TEXTO>21</TEXTO>
                </OPCION>
                <OPCION>
                    <VALOR>22</VALOR>
                    <TEXTO>22</TEXTO>
                </OPCION>
                <OPCION>
                    <VALOR>23</VALOR>
                    <TEXTO>23</TEXTO>
                </OPCION>
                <OPCION>
                    <VALOR>24</VALOR>
                    <TEXTO>24</TEXTO>
                </OPCION>
                <OPCION>
                    <VALOR>25</VALOR>
                    <TEXTO>25</TEXTO>
                </OPCION>
                <OPCION>
                    <VALOR>26</VALOR>
                    <TEXTO>26</TEXTO>
                </OPCION>
                <OPCION>
                    <VALOR>27</VALOR>
                    <TEXTO>27</TEXTO>
                </OPCION>
                <OPCION>
                    <VALOR>28</VALOR>
                    <TEXTO>28</TEXTO>
                </OPCION>
                <OPCION>
                    <VALOR>29</VALOR>
                    <TEXTO>29</TEXTO>
                </OPCION>
                <OPCION>
                    <VALOR>30</VALOR>
                    <TEXTO>30</TEXTO>
                </OPCION>
                <OPCION>
                    <VALOR>31</VALOR>
                    <TEXTO>31</TEXTO>
                </OPCION>
                <OPCION>
                    <VALOR>32</VALOR>
                    <TEXTO>32</TEXTO>
                </OPCION>
                <OPCION>
                    <VALOR>33</VALOR>
                    <TEXTO>33</TEXTO>
                </OPCION>
                <OPCION>
                    <VALOR>34</VALOR>
                    <TEXTO>34</TEXTO>
                </OPCION>
                <OPCION>
                    <VALOR>35</VALOR>
                    <TEXTO>35</TEXTO>
                </OPCION>
                <OPCION>
                    <VALOR>36</VALOR>
                    <TEXTO>36</TEXTO>
                </OPCION>
                <OPCION>
                    <VALOR>37</VALOR>
                    <TEXTO>37</TEXTO>
                </OPCION>
                <OPCION>
                    <VALOR>38</VALOR>
                    <TEXTO>38</TEXTO>
                </OPCION>
                <OPCION>
                    <VALOR>39</VALOR>
                    <TEXTO>39</TEXTO>
                </OPCION>
                <OPCION>
                    <VALOR>40</VALOR>
                    <TEXTO>40</TEXTO>
                </OPCION>
                <OPCION>
                    <VALOR>41</VALOR>
                    <TEXTO>41</TEXTO>
                </OPCION>
                <OPCION>
                    <VALOR>42</VALOR>
                    <TEXTO>42</TEXTO>
                </OPCION>
                <OPCION>
                    <VALOR>43</VALOR>
                    <TEXTO>43</TEXTO>
                </OPCION>
                <OPCION>
                    <VALOR>44</VALOR>
                    <TEXTO>44</TEXTO>
                </OPCION>
                <OPCION>
                    <VALOR>45</VALOR>
                    <TEXTO>45</TEXTO>
                </OPCION>
                <OPCION>
                    <VALOR>46</VALOR>
                    <TEXTO>46</TEXTO>
                </OPCION>
                <OPCION>
                    <VALOR>47</VALOR>
                    <TEXTO>47</TEXTO>
                </OPCION>
                <OPCION>
                    <VALOR>48</VALOR>
                    <TEXTO>48</TEXTO>
                </OPCION>
                <OPCION>
                    <VALOR>49</VALOR>
                    <TEXTO>49</TEXTO>
                </OPCION>
                <OPCION>
                    <VALOR>50</VALOR>
                    <TEXTO>50</TEXTO>
                </OPCION>
                <OPCION>
                    <VALOR>51</VALOR>
                    <TEXTO>51</TEXTO>
                </OPCION>
                <OPCION>
                    <VALOR>52</VALOR>
                    <TEXTO>52</TEXTO>
                </OPCION>
                <OPCION>
                    <VALOR>53</VALOR>
                    <TEXTO>53</TEXTO>
                </OPCION>
                <OPCION>
                    <VALOR>54</VALOR>
                    <TEXTO>54</TEXTO>
                </OPCION>
                <OPCION>
                    <VALOR>55</VALOR>
                    <TEXTO>55</TEXTO>
                </OPCION>
                <OPCION>
                    <VALOR>56</VALOR>
                    <TEXTO>56</TEXTO>
                </OPCION>
                <OPCION>
                    <VALOR>57</VALOR>
                    <TEXTO>57</TEXTO>
                </OPCION>
                <OPCION>
                    <VALOR>58</VALOR>
                    <TEXTO>58</TEXTO>
                </OPCION>
                <OPCION>
                    <VALOR>59</VALOR>
                    <TEXTO>59</TEXTO>
                </OPCION>
                <OPCION>
                    <VALOR>60</VALOR>
                    <TEXTO>60</TEXTO>
                </OPCION>
                <OPCION>
                    <VALOR>61</VALOR>
                    <TEXTO>61</TEXTO>
                </OPCION>
                <OPCION>
                    <VALOR>62</VALOR>
                    <TEXTO>62</TEXTO>
                </OPCION>
                <OPCION>
                    <VALOR>63</VALOR>
                    <TEXTO>63</TEXTO>
                </OPCION>
                <OPCION>
                    <VALOR>64</VALOR>
                    <TEXTO>64</TEXTO>
                </OPCION>
                <OPCION>
                    <VALOR>65</VALOR>
                    <TEXTO>65</TEXTO>
                </OPCION>
                <OPCION>
                    <VALOR>66</VALOR>
                    <TEXTO>66</TEXTO>
                </OPCION>
                <OPCION>
                    <VALOR>67</VALOR>
                    <TEXTO>67</TEXTO>
                </OPCION>
                <OPCION>
                    <VALOR>68</VALOR>
                    <TEXTO>68</TEXTO>
                </OPCION>
                <OPCION>
                    <VALOR>69</VALOR>
                    <TEXTO>69</TEXTO>
                </OPCION>
                <OPCION>
                    <VALOR>70</VALOR>
                    <TEXTO>70</TEXTO>
                </OPCION>
            </OPCIONES>
            <PARAMETER></PARAMETER>
            <RECONOCEDOR></RECONOCEDOR>
            <EDITABLE>SI</EDITABLE>
        </PREGUNTA>
        <PREGUNTA>
            <SURVEYID>4</SURVEYID>
            <QUESTIONID>2</QUESTIONID>
            <CHOICEID>2</CHOICEID>
            <CHOICETEXT>Antiguedad en vivienda actual Meses (MM):</CHOICETEXT>
            <CHOICETYPE>8</CHOICETYPE>
            <CHOICELEN>15</CHOICELEN>
            <CHOICEFORCE>1</CHOICEFORCE>
            <DATAFIELD></DATAFIELD>
            <TEXTANSWER></TEXTANSWER>
            <NUMANSWER></NUMANSWER>
            <QUERY>XSP_GETDEPENDIENTES</QUERY>
            <OPCIONES>
                <OPCION>
                    <VALOR>00</VALOR>
                    <TEXTO>00</TEXTO>
                </OPCION>
                <OPCION>
                    <VALOR>01</VALOR>
                    <TEXTO>01</TEXTO>
                </OPCION>
                <OPCION>
                    <VALOR>02</VALOR>
                    <TEXTO>02</TEXTO>
                </OPCION>
                <OPCION>
                    <VALOR>03</VALOR>
                    <TEXTO>03</TEXTO>
                </OPCION>
                <OPCION>
                    <VALOR>04</VALOR>
                    <TEXTO>04</TEXTO>
                </OPCION>
                <OPCION>
                    <VALOR>05</VALOR>
                    <TEXTO>05</TEXTO>
                </OPCION>
                <OPCION>
                    <VALOR>06</VALOR>
                    <TEXTO>06</TEXTO>
                </OPCION>
                <OPCION>
                    <VALOR>07</VALOR>
                    <TEXTO>07</TEXTO>
                </OPCION>
                <OPCION>
                    <VALOR>08</VALOR>
                    <TEXTO>08</TEXTO>
                </OPCION>
                <OPCION>
                    <VALOR>09</VALOR>
                    <TEXTO>09</TEXTO>
                </OPCION>
                <OPCION>
                    <VALOR>10</VALOR>
                    <TEXTO>10</TEXTO>
                </OPCION>
                <OPCION>
                    <VALOR>11</VALOR>
                    <TEXTO>11</TEXTO>
                </OPCION>
            </OPCIONES>
            <PARAMETER></PARAMETER>
            <RECONOCEDOR></RECONOCEDOR>
            <EDITABLE>SI</EDITABLE>
        </PREGUNTA>
        <PREGUNTA>
            <SURVEYID>4</SURVEYID>
            <QUESTIONID>2</QUESTIONID>
            <CHOICEID>3</CHOICEID>
            <CHOICETEXT>Calle:</CHOICETEXT>
            <CHOICETYPE>5</CHOICETYPE>
            <CHOICELEN>40</CHOICELEN>
            <CHOICEFORCE>1</CHOICEFORCE>
            <DATAFIELD>d.CALLENUMERO</DATAFIELD>
            <TEXTANSWER></TEXTANSWER>
            <NUMANSWER></NUMANSWER>
            <QUERY></QUERY>
            <PARAMETER></PARAMETER>
            <RECONOCEDOR></RECONOCEDOR>
            <EDITABLE>SI</EDITABLE>
        </PREGUNTA>
        <PREGUNTA>
            <SURVEYID>4</SURVEYID>
            <QUESTIONID>2</QUESTIONID>
            <CHOICEID>4</CHOICEID>
            <CHOICETEXT>Numero Ext:</CHOICETEXT>
            <CHOICETYPE>5</CHOICETYPE>
            <CHOICELEN>10</CHOICELEN>
            <CHOICEFORCE>1</CHOICEFORCE>
            <DATAFIELD></DATAFIELD>
            <TEXTANSWER></TEXTANSWER>
            <NUMANSWER></NUMANSWER>
            <QUERY></QUERY>
            <PARAMETER></PARAMETER>
            <RECONOCEDOR></RECONOCEDOR>
            <EDITABLE>SI</EDITABLE>
        </PREGUNTA>
        <PREGUNTA>
            <SURVEYID>4</SURVEYID>
            <QUESTIONID>2</QUESTIONID>
            <CHOICEID>5</CHOICEID>
            <CHOICETEXT>Numero Int:</CHOICETEXT>
            <CHOICETYPE>5</CHOICETYPE>
            <CHOICELEN>10</CHOICELEN>
            <CHOICEFORCE>0</CHOICEFORCE>
            <DATAFIELD></DATAFIELD>
            <TEXTANSWER></TEXTANSWER>
            <NUMANSWER></NUMANSWER>
            <QUERY></QUERY>
            <PARAMETER></PARAMETER>
            <RECONOCEDOR></RECONOCEDOR>
            <EDITABLE>SI</EDITABLE>
        </PREGUNTA>
        <PREGUNTA>
            <SURVEYID>4</SURVEYID>
            <QUESTIONID>2</QUESTIONID>
            <CHOICEID>8</CHOICEID>
            <CHOICETEXT>CP:</CHOICETEXT>
            <CHOICETYPE>5</CHOICETYPE>
            <CHOICELEN>10</CHOICELEN>
            <CHOICEFORCE>1</CHOICEFORCE>
            <DATAFIELD>b.CP</DATAFIELD>
            <TEXTANSWER></TEXTANSWER>
            <NUMANSWER></NUMANSWER>
            <QUERY></QUERY>
            <PARAMETER>1</PARAMETER>
            <RECONOCEDOR>CP</RECONOCEDOR>
            <EDITABLE>SI</EDITABLE>
        </PREGUNTA>
        <PREGUNTA>
            <SURVEYID>4</SURVEYID>
            <QUESTIONID>2</QUESTIONID>
            <CHOICEID>9</CHOICEID>
            <CHOICETEXT>Otra Colonia:</CHOICETEXT>
            <CHOICETYPE>5</CHOICETYPE>
            <CHOICELEN>30</CHOICELEN>
            <CHOICEFORCE>1</CHOICEFORCE>
            <DATAFIELD>b.colonia</DATAFIELD>
            <TEXTANSWER></TEXTANSWER>
            <NUMANSWER></NUMANSWER>
            <QUERY></QUERY>
            <PARAMETER></PARAMETER>
            <RECONOCEDOR></RECONOCEDOR>
            <EDITABLE>SI</EDITABLE>
        </PREGUNTA>
        <PREGUNTA>
            <SURVEYID>4</SURVEYID>
            <QUESTIONID>2</QUESTIONID>
            <CHOICEID>10</CHOICEID>
            <CHOICETEXT>Colonia:</CHOICETEXT>
            <CHOICETYPE>8</CHOICETYPE>
            <CHOICELEN>30</CHOICELEN>
            <CHOICEFORCE>0</CHOICEFORCE>
            <DATAFIELD></DATAFIELD>
            <TEXTANSWER></TEXTANSWER>
            <NUMANSWER></NUMANSWER>
            <QUERY>xsp_getColonia([1])</QUERY>
            <CP_ID>COLONIA1</CP_ID>
            <PARAMETER></PARAMETER>
            <RECONOCEDOR></RECONOCEDOR>
            <EDITABLE>SI</EDITABLE>
        </PREGUNTA>
        <PREGUNTA>
            <SURVEYID>4</SURVEYID>
            <QUESTIONID>2</QUESTIONID>
            <CHOICEID>12</CHOICEID>
            <CHOICETEXT>Municipio:</CHOICETEXT>
            <CHOICETYPE>8</CHOICETYPE>
            <CHOICELEN>5</CHOICELEN>
            <CHOICEFORCE>1</CHOICEFORCE>
            <DATAFIELD></DATAFIELD>
            <TEXTANSWER></TEXTANSWER>
            <NUMANSWER></NUMANSWER>
            <QUERY>XSP_GETDELMUNICIPIOCLIENTE([1])</QUERY>
            <CP_ID>MUNICIPIO1</CP_ID>
            <PARAMETER></PARAMETER>
            <RECONOCEDOR></RECONOCEDOR>
            <EDITABLE>SI</EDITABLE>
        </PREGUNTA>
        <PREGUNTA>
            <SURVEYID>4</SURVEYID>
            <QUESTIONID>2</QUESTIONID>
            <CHOICEID>13</CHOICEID>
            <CHOICETEXT>Estado:</CHOICETEXT>
            <CHOICETYPE>8</CHOICETYPE>
            <CHOICELEN>15</CHOICELEN>
            <CHOICEFORCE>1</CHOICEFORCE>
            <DATAFIELD></DATAFIELD>
            <TEXTANSWER></TEXTANSWER>
            <NUMANSWER></NUMANSWER>
            <QUERY>xsp_getdelEstado2([1])</QUERY>
            <CP_ID>ESTADO1</CP_ID>
            <PARAMETER></PARAMETER>
            <RECONOCEDOR></RECONOCEDOR>
            <EDITABLE>SI</EDITABLE>
        </PREGUNTA>
        <PREGUNTA>
            <SURVEYID>4</SURVEYID>
            <QUESTIONID>2</QUESTIONID>
            <CHOICEID>25</CHOICEID>
            <CHOICETEXT>Lada:</CHOICETEXT>
            <CHOICETYPE>5</CHOICETYPE>
            <CHOICELEN>5</CHOICELEN>
            <CHOICEFORCE>1</CHOICEFORCE>
            <DATAFIELD>t.CLAVELADA</DATAFIELD>
            <TEXTANSWER></TEXTANSWER>
            <NUMANSWER></NUMANSWER>
            <QUERY></QUERY>
            <PARAMETER></PARAMETER>
            <RECONOCEDOR></RECONOCEDOR>
            <EDITABLE>SI</EDITABLE>
        </PREGUNTA>
        <PREGUNTA>
            <SURVEYID>4</SURVEYID>
            <QUESTIONID>2</QUESTIONID>
            <CHOICEID>26</CHOICEID>
            <CHOICETEXT>Telefono:</CHOICETEXT>
            <CHOICETYPE>5</CHOICETYPE>
            <CHOICELEN>10</CHOICELEN>
            <CHOICEFORCE>1</CHOICEFORCE>
            <DATAFIELD>t.TELEFONO</DATAFIELD>
            <TEXTANSWER></TEXTANSWER>
            <NUMANSWER></NUMANSWER>
            <QUERY></QUERY>
            <PARAMETER></PARAMETER>
            <RECONOCEDOR></RECONOCEDOR>
            <EDITABLE>SI</EDITABLE>
        </PREGUNTA>
        <PREGUNTA>
            <SURVEYID>4</SURVEYID>
            <QUESTIONID>2</QUESTIONID>
            <CHOICEID>29</CHOICEID>
            <CHOICETEXT>Lada Alterno:</CHOICETEXT>
            <CHOICETYPE>5</CHOICETYPE>
            <CHOICELEN>5</CHOICELEN>
            <CHOICEFORCE>0</CHOICEFORCE>
            <DATAFIELD></DATAFIELD>
            <TEXTANSWER></TEXTANSWER>
            <NUMANSWER></NUMANSWER>
            <QUERY></QUERY>
            <PARAMETER></PARAMETER>
            <RECONOCEDOR></RECONOCEDOR>
            <EDITABLE>SI</EDITABLE>
        </PREGUNTA>
        <PREGUNTA>
            <SURVEYID>4</SURVEYID>
            <QUESTIONID>2</QUESTIONID>
            <CHOICEID>30</CHOICEID>
            <CHOICETEXT>Telefono Alterno:</CHOICETEXT>
            <CHOICETYPE>5</CHOICETYPE>
            <CHOICELEN>10</CHOICELEN>
            <CHOICEFORCE>0</CHOICEFORCE>
            <DATAFIELD></DATAFIELD>
            <TEXTANSWER></TEXTANSWER>
            <NUMANSWER></NUMANSWER>
            <QUERY></QUERY>
            <PARAMETER></PARAMETER>
            <RECONOCEDOR></RECONOCEDOR>
            <EDITABLE>SI</EDITABLE>
        </PREGUNTA>
        <PREGUNTA>
            <SURVEYID>4</SURVEYID>
            <QUESTIONID>2</QUESTIONID>
            <CHOICEID>27</CHOICEID>
            <CHOICETEXT>Telefono Celular:</CHOICETEXT>
            <CHOICETYPE>5</CHOICETYPE>
            <CHOICELEN>10</CHOICELEN>
            <CHOICEFORCE>0</CHOICEFORCE>
            <DATAFIELD>(null)</DATAFIELD>
            <TEXTANSWER></TEXTANSWER>
            <NUMANSWER></NUMANSWER>
            <QUERY></QUERY>
            <PARAMETER></PARAMETER>
            <RECONOCEDOR></RECONOCEDOR>
            <EDITABLE>SI</EDITABLE>
        </PREGUNTA>
        <PREGUNTA>
            <SURVEYID>4</SURVEYID>
            <QUESTIONID>2</QUESTIONID>
            <CHOICEID>28</CHOICEID>
            <CHOICETEXT>Correo Electronico:</CHOICETEXT>
            <CHOICETYPE>5</CHOICETYPE>
            <CHOICELEN>30</CHOICELEN>
            <CHOICEFORCE>0</CHOICEFORCE>
            <DATAFIELD></DATAFIELD>
            <TEXTANSWER></TEXTANSWER>
            <NUMANSWER></NUMANSWER>
            <QUERY></QUERY>
            <PARAMETER></PARAMETER>
            <RECONOCEDOR></RECONOCEDOR>
            <EDITABLE>SI</EDITABLE>
        </PREGUNTA>
    </SECCION>
    <SECCION>
        <QUESTIONID>3</QUESTIONID>
        <QUESTIONTEXT>DATOS DE EMPRESA</QUESTIONTEXT>
        <DISPLAYORDER>3</DISPLAYORDER>
        <FORCEANSWER>0</FORCEANSWER>
        <DESPLIEGAVALIDACION>0</DESPLIEGAVALIDACION>
        <PREGUNTA>
            <SURVEYID>4</SURVEYID>
            <QUESTIONID>3</QUESTIONID>
            <CHOICEID>3</CHOICEID>
            <CHOICETEXT>Antiguedad en empresa actual: A�os</CHOICETEXT>
            <CHOICETYPE>8</CHOICETYPE>
            <CHOICELEN>15</CHOICELEN>
            <CHOICEFORCE>1</CHOICEFORCE>
            <DATAFIELD></DATAFIELD>
            <TEXTANSWER></TEXTANSWER>
            <NUMANSWER></NUMANSWER>
            <QUERY>XSP_GETANIOSVIVIENDA</QUERY>
            <OPCIONES>
                <OPCION>
                    <VALOR>01</VALOR>
                    <TEXTO>01</TEXTO>
                </OPCION>
                <OPCION>
                    <VALOR>02</VALOR>
                    <TEXTO>02</TEXTO>
                </OPCION>
                <OPCION>
                    <VALOR>03</VALOR>
                    <TEXTO>03</TEXTO>
                </OPCION>
                <OPCION>
                    <VALOR>04</VALOR>
                    <TEXTO>04</TEXTO>
                </OPCION>
                <OPCION>
                    <VALOR>05</VALOR>
                    <TEXTO>05</TEXTO>
                </OPCION>
                <OPCION>
                    <VALOR>06</VALOR>
                    <TEXTO>06</TEXTO>
                </OPCION>
                <OPCION>
                    <VALOR>07</VALOR>
                    <TEXTO>07</TEXTO>
                </OPCION>
                <OPCION>
                    <VALOR>08</VALOR>
                    <TEXTO>08</TEXTO>
                </OPCION>
                <OPCION>
                    <VALOR>09</VALOR>
                    <TEXTO>09</TEXTO>
                </OPCION>
                <OPCION>
                    <VALOR>10</VALOR>
                    <TEXTO>10</TEXTO>
                </OPCION>
                <OPCION>
                    <VALOR>11</VALOR>
                    <TEXTO>11</TEXTO>
                </OPCION>
                <OPCION>
                    <VALOR>12</VALOR>
                    <TEXTO>12</TEXTO>
                </OPCION>
                <OPCION>
                    <VALOR>13</VALOR>
                    <TEXTO>13</TEXTO>
                </OPCION>
                <OPCION>
                    <VALOR>14</VALOR>
                    <TEXTO>14</TEXTO>
                </OPCION>
                <OPCION>
                    <VALOR>15</VALOR>
                    <TEXTO>15</TEXTO>
                </OPCION>
                <OPCION>
                    <VALOR>16</VALOR>
                    <TEXTO>16</TEXTO>
                </OPCION>
                <OPCION>
                    <VALOR>17</VALOR>
                    <TEXTO>17</TEXTO>
                </OPCION>
                <OPCION>
                    <VALOR>18</VALOR>
                    <TEXTO>18</TEXTO>
                </OPCION>
                <OPCION>
                    <VALOR>19</VALOR>
                    <TEXTO>19</TEXTO>
                </OPCION>
                <OPCION>
                    <VALOR>20</VALOR>
                    <TEXTO>20</TEXTO>
                </OPCION>
                <OPCION>
                    <VALOR>21</VALOR>
                    <TEXTO>21</TEXTO>
                </OPCION>
                <OPCION>
                    <VALOR>22</VALOR>
                    <TEXTO>22</TEXTO>
                </OPCION>
                <OPCION>
                    <VALOR>23</VALOR>
                    <TEXTO>23</TEXTO>
                </OPCION>
                <OPCION>
                    <VALOR>24</VALOR>
                    <TEXTO>24</TEXTO>
                </OPCION>
                <OPCION>
                    <VALOR>25</VALOR>
                    <TEXTO>25</TEXTO>
                </OPCION>
                <OPCION>
                    <VALOR>26</VALOR>
                    <TEXTO>26</TEXTO>
                </OPCION>
                <OPCION>
                    <VALOR>27</VALOR>
                    <TEXTO>27</TEXTO>
                </OPCION>
                <OPCION>
                    <VALOR>28</VALOR>
                    <TEXTO>28</TEXTO>
                </OPCION>
                <OPCION>
                    <VALOR>29</VALOR>
                    <TEXTO>29</TEXTO>
                </OPCION>
                <OPCION>
                    <VALOR>30</VALOR>
                    <TEXTO>30</TEXTO>
                </OPCION>
                <OPCION>
                    <VALOR>31</VALOR>
                    <TEXTO>31</TEXTO>
                </OPCION>
                <OPCION>
                    <VALOR>32</VALOR>
                    <TEXTO>32</TEXTO>
                </OPCION>
                <OPCION>
                    <VALOR>33</VALOR>
                    <TEXTO>33</TEXTO>
                </OPCION>
                <OPCION>
                    <VALOR>34</VALOR>
                    <TEXTO>34</TEXTO>
                </OPCION>
                <OPCION>
                    <VALOR>35</VALOR>
                    <TEXTO>35</TEXTO>
                </OPCION>
                <OPCION>
                    <VALOR>36</VALOR>
                    <TEXTO>36</TEXTO>
                </OPCION>
                <OPCION>
                    <VALOR>37</VALOR>
                    <TEXTO>37</TEXTO>
                </OPCION>
                <OPCION>
                    <VALOR>38</VALOR>
                    <TEXTO>38</TEXTO>
                </OPCION>
                <OPCION>
                    <VALOR>39</VALOR>
                    <TEXTO>39</TEXTO>
                </OPCION>
                <OPCION>
                    <VALOR>40</VALOR>
                    <TEXTO>40</TEXTO>
                </OPCION>
                <OPCION>
                    <VALOR>41</VALOR>
                    <TEXTO>41</TEXTO>
                </OPCION>
                <OPCION>
                    <VALOR>42</VALOR>
                    <TEXTO>42</TEXTO>
                </OPCION>
                <OPCION>
                    <VALOR>43</VALOR>
                    <TEXTO>43</TEXTO>
                </OPCION>
                <OPCION>
                    <VALOR>44</VALOR>
                    <TEXTO>44</TEXTO>
                </OPCION>
                <OPCION>
                    <VALOR>45</VALOR>
                    <TEXTO>45</TEXTO>
                </OPCION>
                <OPCION>
                    <VALOR>46</VALOR>
                    <TEXTO>46</TEXTO>
                </OPCION>
                <OPCION>
                    <VALOR>47</VALOR>
                    <TEXTO>47</TEXTO>
                </OPCION>
                <OPCION>
                    <VALOR>48</VALOR>
                    <TEXTO>48</TEXTO>
                </OPCION>
                <OPCION>
                    <VALOR>49</VALOR>
                    <TEXTO>49</TEXTO>
                </OPCION>
                <OPCION>
                    <VALOR>50</VALOR>
                    <TEXTO>50</TEXTO>
                </OPCION>
                <OPCION>
                    <VALOR>51</VALOR>
                    <TEXTO>51</TEXTO>
                </OPCION>
                <OPCION>
                    <VALOR>52</VALOR>
                    <TEXTO>52</TEXTO>
                </OPCION>
                <OPCION>
                    <VALOR>53</VALOR>
                    <TEXTO>53</TEXTO>
                </OPCION>
                <OPCION>
                    <VALOR>54</VALOR>
                    <TEXTO>54</TEXTO>
                </OPCION>
                <OPCION>
                    <VALOR>55</VALOR>
                    <TEXTO>55</TEXTO>
                </OPCION>
                <OPCION>
                    <VALOR>56</VALOR>
                    <TEXTO>56</TEXTO>
                </OPCION>
                <OPCION>
                    <VALOR>57</VALOR>
                    <TEXTO>57</TEXTO>
                </OPCION>
                <OPCION>
                    <VALOR>58</VALOR>
                    <TEXTO>58</TEXTO>
                </OPCION>
                <OPCION>
                    <VALOR>59</VALOR>
                    <TEXTO>59</TEXTO>
                </OPCION>
                <OPCION>
                    <VALOR>60</VALOR>
                    <TEXTO>60</TEXTO>
                </OPCION>
                <OPCION>
                    <VALOR>61</VALOR>
                    <TEXTO>61</TEXTO>
                </OPCION>
                <OPCION>
                    <VALOR>62</VALOR>
                    <TEXTO>62</TEXTO>
                </OPCION>
                <OPCION>
                    <VALOR>63</VALOR>
                    <TEXTO>63</TEXTO>
                </OPCION>
                <OPCION>
                    <VALOR>64</VALOR>
                    <TEXTO>64</TEXTO>
                </OPCION>
                <OPCION>
                    <VALOR>65</VALOR>
                    <TEXTO>65</TEXTO>
                </OPCION>
                <OPCION>
                    <VALOR>66</VALOR>
                    <TEXTO>66</TEXTO>
                </OPCION>
                <OPCION>
                    <VALOR>67</VALOR>
                    <TEXTO>67</TEXTO>
                </OPCION>
                <OPCION>
                    <VALOR>68</VALOR>
                    <TEXTO>68</TEXTO>
                </OPCION>
                <OPCION>
                    <VALOR>69</VALOR>
                    <TEXTO>69</TEXTO>
                </OPCION>
                <OPCION>
                    <VALOR>70</VALOR>
                    <TEXTO>70</TEXTO>
                </OPCION>
            </OPCIONES>
            <PARAMETER></PARAMETER>
            <RECONOCEDOR></RECONOCEDOR>
            <EDITABLE>SI</EDITABLE>
        </PREGUNTA>
        <PREGUNTA>
            <SURVEYID>4</SURVEYID>
            <QUESTIONID>3</QUESTIONID>
            <CHOICEID>4</CHOICEID>
            <CHOICETEXT>Antiguedad en empresa actual: Meses</CHOICETEXT>
            <CHOICETYPE>8</CHOICETYPE>
            <CHOICELEN>10</CHOICELEN>
            <CHOICEFORCE>1</CHOICEFORCE>
            <DATAFIELD></DATAFIELD>
            <TEXTANSWER></TEXTANSWER>
            <NUMANSWER></NUMANSWER>
            <QUERY>XSP_GETDEPENDIENTES</QUERY>
            <OPCIONES>
                <OPCION>
                    <VALOR>00</VALOR>
                    <TEXTO>00</TEXTO>
                </OPCION>
                <OPCION>
                    <VALOR>01</VALOR>
                    <TEXTO>01</TEXTO>
                </OPCION>
                <OPCION>
                    <VALOR>02</VALOR>
                    <TEXTO>02</TEXTO>
                </OPCION>
                <OPCION>
                    <VALOR>03</VALOR>
                    <TEXTO>03</TEXTO>
                </OPCION>
                <OPCION>
                    <VALOR>04</VALOR>
                    <TEXTO>04</TEXTO>
                </OPCION>
                <OPCION>
                    <VALOR>05</VALOR>
                    <TEXTO>05</TEXTO>
                </OPCION>
                <OPCION>
                    <VALOR>06</VALOR>
                    <TEXTO>06</TEXTO>
                </OPCION>
                <OPCION>
                    <VALOR>07</VALOR>
                    <TEXTO>07</TEXTO>
                </OPCION>
                <OPCION>
                    <VALOR>08</VALOR>
                    <TEXTO>08</TEXTO>
                </OPCION>
                <OPCION>
                    <VALOR>09</VALOR>
                    <TEXTO>09</TEXTO>
                </OPCION>
                <OPCION>
                    <VALOR>10</VALOR>
                    <TEXTO>10</TEXTO>
                </OPCION>
                <OPCION>
                    <VALOR>11</VALOR>
                    <TEXTO>11</TEXTO>
                </OPCION>
            </OPCIONES>
            <PARAMETER></PARAMETER>
            <RECONOCEDOR></RECONOCEDOR>
            <EDITABLE>SI</EDITABLE>
        </PREGUNTA>
        <PREGUNTA>
            <SURVEYID>4</SURVEYID>
            <QUESTIONID>3</QUESTIONID>
            <CHOICEID>5</CHOICEID>
            <CHOICETEXT>Nombre de la Empresa</CHOICETEXT>
            <CHOICETYPE>5</CHOICETYPE>
            <CHOICELEN>30</CHOICELEN>
            <CHOICEFORCE>1</CHOICEFORCE>
            <DATAFIELD></DATAFIELD>
            <TEXTANSWER></TEXTANSWER>
            <NUMANSWER></NUMANSWER>
            <QUERY></QUERY>
            <PARAMETER></PARAMETER>
            <RECONOCEDOR></RECONOCEDOR>
            <EDITABLE>SI</EDITABLE>
        </PREGUNTA>
        <PREGUNTA>
            <SURVEYID>4</SURVEYID>
            <QUESTIONID>3</QUESTIONID>
            <CHOICEID>6</CHOICEID>
            <CHOICETEXT>Lada Oficina</CHOICETEXT>
            <CHOICETYPE>5</CHOICETYPE>
            <CHOICELEN>10</CHOICELEN>
            <CHOICEFORCE>1</CHOICEFORCE>
            <DATAFIELD></DATAFIELD>
            <TEXTANSWER></TEXTANSWER>
            <NUMANSWER></NUMANSWER>
            <QUERY></QUERY>
            <PARAMETER></PARAMETER>
            <RECONOCEDOR></RECONOCEDOR>
            <EDITABLE>SI</EDITABLE>
        </PREGUNTA>
        <PREGUNTA>
            <SURVEYID>4</SURVEYID>
            <QUESTIONID>3</QUESTIONID>
            <CHOICEID>7</CHOICEID>
            <CHOICETEXT>Telefono Oficina</CHOICETEXT>
            <CHOICETYPE>5</CHOICETYPE>
            <CHOICELEN>10</CHOICELEN>
            <CHOICEFORCE>1</CHOICEFORCE>
            <DATAFIELD></DATAFIELD>
            <TEXTANSWER></TEXTANSWER>
            <NUMANSWER></NUMANSWER>
            <QUERY></QUERY>
            <PARAMETER></PARAMETER>
            <RECONOCEDOR></RECONOCEDOR>
            <EDITABLE>SI</EDITABLE>
        </PREGUNTA>
        <PREGUNTA>
            <SURVEYID>4</SURVEYID>
            <QUESTIONID>3</QUESTIONID>
            <CHOICEID>12</CHOICEID>
            <CHOICETEXT>TDC Ofrecida</CHOICETEXT>
            <CHOICETYPE>8</CHOICETYPE>
            <CHOICELEN>15</CHOICELEN>
            <CHOICEFORCE>1</CHOICEFORCE>
            <DATAFIELD></DATAFIELD>
            <TEXTANSWER></TEXTANSWER>
            <NUMANSWER></NUMANSWER>
            <QUERY>XSP_GETTARJETAS_COMP</QUERY>
            <OPCIONES>
                <OPCION>
                    <VALOR>27</VALOR>
                    <TEXTO>GOLD ELITE</TEXTO>
                </OPCION>
                <OPCION>
                    <VALOR>52</VALOR>
                    <TEXTO>PLATINUM</TEXTO>
                </OPCION>
            </OPCIONES>
            <PARAMETER></PARAMETER>
            <RECONOCEDOR></RECONOCEDOR>
            <EDITABLE>SI</EDITABLE>
        </PREGUNTA>
        <PREGUNTA>
            <SURVEYID>4</SURVEYID>
            <QUESTIONID>3</QUESTIONID>
            <CHOICEID>13</CHOICEID>
            <CHOICETEXT>Envio de Estados de Cuenta</CHOICETEXT>
            <CHOICETYPE>8</CHOICETYPE>
            <CHOICELEN>15</CHOICELEN>
            <CHOICEFORCE>1</CHOICEFORCE>
            <DATAFIELD></DATAFIELD>
            <TEXTANSWER></TEXTANSWER>
            <NUMANSWER></NUMANSWER>
            <QUERY>XSP_GETESTADOCUENTAS</QUERY>
            <OPCIONES>
                <OPCION>
                    <VALOR>10</VALOR>
                    <TEXTO>EN SU DOMICILIO</TEXTO>
                </OPCION>
                <OPCION>
                    <VALOR>20</VALOR>
                    <TEXTO>VIA PAPERLESS (INTERNET)</TEXTO>
                </OPCION>
            </OPCIONES>
            <PARAMETER></PARAMETER>
            <RECONOCEDOR></RECONOCEDOR>
            <EDITABLE>SI</EDITABLE>
        </PREGUNTA>
        <PREGUNTA>
            <SURVEYID>4</SURVEYID>
            <QUESTIONID>3</QUESTIONID>
            <CHOICEID>16</CHOICEID>
            <CHOICETEXT>?Autoriza le enviemos informacion de promociones via telefonica?</CHOICETEXT>
            <CHOICETYPE>8</CHOICETYPE>
            <CHOICELEN>20</CHOICELEN>
            <CHOICEFORCE>1</CHOICEFORCE>
            <DATAFIELD></DATAFIELD>
            <TEXTANSWER></TEXTANSWER>
            <NUMANSWER></NUMANSWER>
            <QUERY>XSP_GETSINO</QUERY>
            <OPCIONES>
                <OPCION>
                    <VALOR>S</VALOR>
                    <TEXTO>SI</TEXTO>
                </OPCION>
                <OPCION>
                    <VALOR>N</VALOR>
                    <TEXTO>NO</TEXTO>
                </OPCION>
            </OPCIONES>
            <PARAMETER></PARAMETER>
            <RECONOCEDOR></RECONOCEDOR>
            <EDITABLE>SI</EDITABLE>
        </PREGUNTA>
        <PREGUNTA>
            <SURVEYID>4</SURVEYID>
            <QUESTIONID>3</QUESTIONID>
            <CHOICEID>17</CHOICEID>
            <CHOICETEXT>?Autoriza le enviemos informacion de promociones via email?</CHOICETEXT>
            <CHOICETYPE>8</CHOICETYPE>
            <CHOICELEN>20</CHOICELEN>
            <CHOICEFORCE>1</CHOICEFORCE>
            <DATAFIELD></DATAFIELD>
            <TEXTANSWER></TEXTANSWER>
            <NUMANSWER></NUMANSWER>
            <QUERY>XSP_GETSINO</QUERY>
            <OPCIONES>
                <OPCION>
                    <VALOR>S</VALOR>
                    <TEXTO>SI</TEXTO>
                </OPCION>
                <OPCION>
                    <VALOR>N</VALOR>
                    <TEXTO>NO</TEXTO>
                </OPCION>
            </OPCIONES>
            <PARAMETER></PARAMETER>
            <RECONOCEDOR></RECONOCEDOR>
            <EDITABLE>SI</EDITABLE>
        </PREGUNTA>
    </SECCION>
</CUESTIONARIO>
