<?xml version="1.0" encoding="ISO-8859-1"?>
<?xml-stylesheet type="text/xsl" href="cuestionario.xsl"?>
<CUESTIONARIO>
    <NOMBRE_CUESTIONARIO>Invex</NOMBRE_CUESTIONARIO>
    <SECCION>
        <QUESTIONID>1</QUESTIONID>
        <QUESTIONTEXT>DATOS DEL TITULAR</QUESTIONTEXT>
        <DISPLAYORDER>1</DISPLAYORDER>
        <FORCEANSWER>0</FORCEANSWER>
        <DESPLIEGAVALIDACION>0</DESPLIEGAVALIDACION>
        <PREGUNTA>
            <SURVEYID>3</SURVEYID>
            <QUESTIONID>1</QUESTIONID>
            <CHOICEID>2</CHOICEID>
            <CHOICETEXT>Nombre:</CHOICETEXT>
            <CHOICETYPE>5</CHOICETYPE>
            <CHOICELEN>30</CHOICELEN>
            <CHOICEFORCE>1</CHOICEFORCE>
            <DATAFIELD>p.NOMBRE</DATAFIELD>
            <TEXTANSWER>MARCO</TEXTANSWER>
            <NUMANSWER>1</NUMANSWER>
            <QUERY></QUERY>
            <PARAMETER></PARAMETER>
            <RECONOCEDOR>nombrepila1</RECONOCEDOR>
            <EDITABLE>SI</EDITABLE>
        </PREGUNTA>
        <PREGUNTA>
            <SURVEYID>3</SURVEYID>
            <QUESTIONID>1</QUESTIONID>
            <CHOICEID>3</CHOICEID>
            <CHOICETEXT>Segundo Nombre:</CHOICETEXT>
            <CHOICETYPE>5</CHOICETYPE>
            <CHOICELEN>30</CHOICELEN>
            <CHOICEFORCE>0</CHOICEFORCE>
            <DATAFIELD></DATAFIELD>
            <TEXTANSWER>ANTONIO</TEXTANSWER>
            <NUMANSWER>1</NUMANSWER>
            <QUERY></QUERY>
            <PARAMETER></PARAMETER>
            <RECONOCEDOR>nombreseg1</RECONOCEDOR>
            <EDITABLE>SI</EDITABLE>
        </PREGUNTA>
        <PREGUNTA>
            <SURVEYID>3</SURVEYID>
            <QUESTIONID>1</QUESTIONID>
            <CHOICEID>4</CHOICEID>
            <CHOICETEXT>Ap. Paterno:</CHOICETEXT>
            <CHOICETYPE>5</CHOICETYPE>
            <CHOICELEN>30</CHOICELEN>
            <CHOICEFORCE>1</CHOICEFORCE>
            <DATAFIELD>p.APATERNO</DATAFIELD>
            <TEXTANSWER>REZA</TEXTANSWER>
            <NUMANSWER>1</NUMANSWER>
            <QUERY></QUERY>
            <PARAMETER></PARAMETER>
            <RECONOCEDOR>appaterno1</RECONOCEDOR>
            <EDITABLE>SI</EDITABLE>
        </PREGUNTA>
        <PREGUNTA>
            <SURVEYID>3</SURVEYID>
            <QUESTIONID>1</QUESTIONID>
            <CHOICEID>5</CHOICEID>
            <CHOICETEXT>Ap. Materno:</CHOICETEXT>
            <CHOICETYPE>5</CHOICETYPE>
            <CHOICELEN>30</CHOICELEN>
            <CHOICEFORCE>0</CHOICEFORCE>
            <DATAFIELD>p.AMATERNO</DATAFIELD>
            <TEXTANSWER>ROLDAN</TEXTANSWER>
            <NUMANSWER>1</NUMANSWER>
            <QUERY></QUERY>
            <PARAMETER></PARAMETER>
            <RECONOCEDOR>apmaterno1</RECONOCEDOR>
            <EDITABLE>SI</EDITABLE>
        </PREGUNTA>
        <PREGUNTA>
            <SURVEYID>3</SURVEYID>
            <QUESTIONID>1</QUESTIONID>
            <CHOICEID>6</CHOICEID>
            <CHOICETEXT>Fecha de Nacimiento (dd/mm/yyyy):</CHOICETEXT>
            <CHOICETYPE>5</CHOICETYPE>
            <CHOICELEN>15</CHOICELEN>
            <CHOICEFORCE>1</CHOICEFORCE>
            <DATAFIELD></DATAFIELD>
            <TEXTANSWER>03/01/1963</TEXTANSWER>
            <NUMANSWER>1</NUMANSWER>
            <QUERY></QUERY>
            <PARAMETER></PARAMETER>
            <RECONOCEDOR>fechanacimiento1</RECONOCEDOR>
            <EDITABLE>SI</EDITABLE>
        </PREGUNTA>
        <PREGUNTA>
            <SURVEYID>3</SURVEYID>
            <QUESTIONID>1</QUESTIONID>
            <CHOICEID>7</CHOICEID>
            <CHOICETEXT>RFC:</CHOICETEXT>
            <CHOICETYPE>5</CHOICETYPE>
            <CHOICELEN>20</CHOICELEN>
            <CHOICEFORCE>1</CHOICEFORCE>
            <DATAFIELD>p.rfc</DATAFIELD>
            <TEXTANSWER>RERM630103BS7</TEXTANSWER>
            <NUMANSWER>1</NUMANSWER>
            <QUERY></QUERY>
            <PARAMETER></PARAMETER>
            <RECONOCEDOR>rfc1</RECONOCEDOR>
            <EDITABLE>SI</EDITABLE>
        </PREGUNTA>
        <PREGUNTA>
            <SURVEYID>3</SURVEYID>
            <QUESTIONID>1</QUESTIONID>
            <CHOICEID>21</CHOICEID>
            <CHOICETEXT>Estado de Nacimiento:</CHOICETEXT>
            <CHOICETYPE>8</CHOICETYPE>
            <CHOICELEN>10</CHOICELEN>
            <CHOICEFORCE>1</CHOICEFORCE>
            <DATAFIELD></DATAFIELD>
            <TEXTANSWER>DF</TEXTANSWER>
            <NUMANSWER>1</NUMANSWER>
            <QUERY>XSP_GETESTADOS</QUERY>
            <OPCIONES>
                <OPCION>
                    <VALOR>AS</VALOR>
                    <TEXTO>AGUASCALIENTES</TEXTO>
                </OPCION>
                <OPCION>
                    <VALOR>BC</VALOR>
                    <TEXTO>BAJA CALIFORNIA</TEXTO>
                </OPCION>
                <OPCION>
                    <VALOR>BS</VALOR>
                    <TEXTO>BAJA CALIFORNIA SUR</TEXTO>
                </OPCION>
                <OPCION>
                    <VALOR>CC</VALOR>
                    <TEXTO>CAMPECHE</TEXTO>
                </OPCION>
                <OPCION>
                    <VALOR>CS</VALOR>
                    <TEXTO>CHIAPAS</TEXTO>
                </OPCION>
                <OPCION>
                    <VALOR>CH</VALOR>
                    <TEXTO>CHIHUAHUA</TEXTO>
                </OPCION>
                <OPCION>
                    <VALOR>CL</VALOR>
                    <TEXTO>COAHUILA DE ZARAGOZA</TEXTO>
                </OPCION>
                <OPCION>
                    <VALOR>CM</VALOR>
                    <TEXTO>COLIMA</TEXTO>
                </OPCION>
                <OPCION>
                    <VALOR>DF</VALOR>
                    <TEXTO>DISTRITO FEDERAL</TEXTO>
                </OPCION>
                <OPCION>
                    <VALOR>DG</VALOR>
                    <TEXTO>DURANGO</TEXTO>
                </OPCION>
                <OPCION>
                    <VALOR>GT</VALOR>
                    <TEXTO>GUANAJUATO</TEXTO>
                </OPCION>
                <OPCION>
                    <VALOR>GR</VALOR>
                    <TEXTO>GUERRERO</TEXTO>
                </OPCION>
                <OPCION>
                    <VALOR>HG</VALOR>
                    <TEXTO>HIDALGO</TEXTO>
                </OPCION>
                <OPCION>
                    <VALOR>JC</VALOR>
                    <TEXTO>JALISCO</TEXTO>
                </OPCION>
                <OPCION>
                    <VALOR>MC</VALOR>
                    <TEXTO>MEXICO</TEXTO>
                </OPCION>
                <OPCION>
                    <VALOR>MN</VALOR>
                    <TEXTO>MICHOACAN DE OCAMPO</TEXTO>
                </OPCION>
                <OPCION>
                    <VALOR>MS</VALOR>
                    <TEXTO>MORELOS</TEXTO>
                </OPCION>
                <OPCION>
                    <VALOR>NT</VALOR>
                    <TEXTO>NAYARIT</TEXTO>
                </OPCION>
                <OPCION>
                    <VALOR>NL</VALOR>
                    <TEXTO>NUEVO LEON</TEXTO>
                </OPCION>
                <OPCION>
                    <VALOR>OC</VALOR>
                    <TEXTO>OAXACA</TEXTO>
                </OPCION>
                <OPCION>
                    <VALOR>PL</VALOR>
                    <TEXTO>PUEBLA</TEXTO>
                </OPCION>
                <OPCION>
                    <VALOR>QT</VALOR>
                    <TEXTO>QUERETARO ARTEAGA</TEXTO>
                </OPCION>
                <OPCION>
                    <VALOR>QR</VALOR>
                    <TEXTO>QUINTANA ROO</TEXTO>
                </OPCION>
                <OPCION>
                    <VALOR>SP</VALOR>
                    <TEXTO>SAN LUIS POTOSI</TEXTO>
                </OPCION>
                <OPCION>
                    <VALOR>SL</VALOR>
                    <TEXTO>SINALOA</TEXTO>
                </OPCION>
                <OPCION>
                    <VALOR>SR</VALOR>
                    <TEXTO>SONORA</TEXTO>
                </OPCION>
                <OPCION>
                    <VALOR>TC</VALOR>
                    <TEXTO>TABASCO</TEXTO>
                </OPCION>
                <OPCION>
                    <VALOR>TS</VALOR>
                    <TEXTO>TAMAULIPAS</TEXTO>
                </OPCION>
                <OPCION>
                    <VALOR>TL</VALOR>
                    <TEXTO>TLAXCALA</TEXTO>
                </OPCION>
                <OPCION>
                    <VALOR>VZ</VALOR>
                    <TEXTO>VERACRUZ</TEXTO>
                </OPCION>
                <OPCION>
                    <VALOR>YN</VALOR>
                    <TEXTO>YUCATAN</TEXTO>
                </OPCION>
                <OPCION>
                    <VALOR>ZS</VALOR>
                    <TEXTO>ZACATECAS</TEXTO>
                </OPCION>
            </OPCIONES>
            <PARAMETER></PARAMETER>
            <RECONOCEDOR></RECONOCEDOR>
            <EDITABLE>SI</EDITABLE>
        </PREGUNTA>
        <PREGUNTA>
            <SURVEYID>3</SURVEYID>
            <QUESTIONID>1</QUESTIONID>
            <CHOICEID>17</CHOICEID>
            <CHOICETEXT>Sexo:</CHOICETEXT>
            <CHOICETYPE>8</CHOICETYPE>
            <CHOICELEN>0</CHOICELEN>
            <CHOICEFORCE>1</CHOICEFORCE>
            <DATAFIELD></DATAFIELD>
            <TEXTANSWER>M</TEXTANSWER>
            <NUMANSWER>1</NUMANSWER>
            <QUERY>XSP_GETSEXO</QUERY>
            <OPCIONES>
                <OPCION>
                    <VALOR>M</VALOR>
                    <TEXTO>Masculino</TEXTO>
                </OPCION>
                <OPCION>
                    <VALOR>F</VALOR>
                    <TEXTO>Femenino</TEXTO>
                </OPCION>
            </OPCIONES>
            <PARAMETER></PARAMETER>
            <RECONOCEDOR></RECONOCEDOR>
            <EDITABLE>SI</EDITABLE>
        </PREGUNTA>
        <PREGUNTA>
            <SURVEYID>3</SURVEYID>
            <QUESTIONID>1</QUESTIONID>
            <CHOICEID>18</CHOICEID>
            <CHOICETEXT>Edo Civil:</CHOICETEXT>
            <CHOICETYPE>8</CHOICETYPE>
            <CHOICELEN>0</CHOICELEN>
            <CHOICEFORCE>1</CHOICEFORCE>
            <DATAFIELD></DATAFIELD>
            <TEXTANSWER>1</TEXTANSWER>
            <NUMANSWER>1</NUMANSWER>
            <QUERY>XSP_GETEDOCIVIL</QUERY>
            <OPCIONES>
                <OPCION>
                    <VALOR>1</VALOR>
                    <TEXTO>SOLTERO</TEXTO>
                </OPCION>
                <OPCION>
                    <VALOR>2</VALOR>
                    <TEXTO>CASADO</TEXTO>
                </OPCION>
                <OPCION>
                    <VALOR>3</VALOR>
                    <TEXTO>DIVORCIADO</TEXTO>
                </OPCION>
                <OPCION>
                    <VALOR>4</VALOR>
                    <TEXTO>VIUDO</TEXTO>
                </OPCION>
                <OPCION>
                    <VALOR>5</VALOR>
                    <TEXTO>UNION_LIBRE</TEXTO>
                </OPCION>
            </OPCIONES>
            <PARAMETER></PARAMETER>
            <RECONOCEDOR></RECONOCEDOR>
            <EDITABLE>SI</EDITABLE>
        </PREGUNTA>
        <PREGUNTA>
            <SURVEYID>3</SURVEYID>
            <QUESTIONID>1</QUESTIONID>
            <CHOICEID>19</CHOICEID>
            <CHOICETEXT>Dependientes economicos:</CHOICETEXT>
            <CHOICETYPE>8</CHOICETYPE>
            <CHOICELEN>0</CHOICELEN>
            <CHOICEFORCE>1</CHOICEFORCE>
            <DATAFIELD></DATAFIELD>
            <TEXTANSWER>0</TEXTANSWER>
            <NUMANSWER>1</NUMANSWER>
            <QUERY>XSP_GETDEPENDIENTES</QUERY>
            <OPCIONES>
                <OPCION>
                    <VALOR>0</VALOR>
                    <TEXTO>0</TEXTO>
                </OPCION>
                <OPCION>
                    <VALOR>1</VALOR>
                    <TEXTO>1</TEXTO>
                </OPCION>
                <OPCION>
                    <VALOR>2</VALOR>
                    <TEXTO>2</TEXTO>
                </OPCION>
                <OPCION>
                    <VALOR>3</VALOR>
                    <TEXTO>3</TEXTO>
                </OPCION>
                <OPCION>
                    <VALOR>4</VALOR>
                    <TEXTO>4</TEXTO>
                </OPCION>
                <OPCION>
                    <VALOR>5</VALOR>
                    <TEXTO>5</TEXTO>
                </OPCION>
                <OPCION>
                    <VALOR>6</VALOR>
                    <TEXTO>6</TEXTO>
                </OPCION>
                <OPCION>
                    <VALOR>7</VALOR>
                    <TEXTO>7</TEXTO>
                </OPCION>
                <OPCION>
                    <VALOR>8</VALOR>
                    <TEXTO>8</TEXTO>
                </OPCION>
                <OPCION>
                    <VALOR>9</VALOR>
                    <TEXTO>9</TEXTO>
                </OPCION>
                <OPCION>
                    <VALOR>10</VALOR>
                    <TEXTO>10</TEXTO>
                </OPCION>
                <OPCION>
                    <VALOR>11</VALOR>
                    <TEXTO>11</TEXTO>
                </OPCION>
            </OPCIONES>
            <PARAMETER></PARAMETER>
            <RECONOCEDOR>(null)</RECONOCEDOR>
            <EDITABLE>SI</EDITABLE>
        </PREGUNTA>
        <PREGUNTA>
            <SURVEYID>3</SURVEYID>
            <QUESTIONID>1</QUESTIONID>
            <CHOICEID>20</CHOICEID>
            <CHOICETEXT>Maximo grado de estudios</CHOICETEXT>
            <CHOICETYPE>8</CHOICETYPE>
            <CHOICELEN>0</CHOICELEN>
            <CHOICEFORCE>1</CHOICEFORCE>
            <DATAFIELD></DATAFIELD>
            <TEXTANSWER>50</TEXTANSWER>
            <NUMANSWER>1</NUMANSWER>
            <QUERY>XSP_GETESTUDIOS</QUERY>
            <OPCIONES>
                <OPCION>
                    <VALOR>10</VALOR>
                    <TEXTO>No tiene grado de estudio</TEXTO>
                </OPCION>
                <OPCION>
                    <VALOR>20</VALOR>
                    <TEXTO>Primaria</TEXTO>
                </OPCION>
                <OPCION>
                    <VALOR>30</VALOR>
                    <TEXTO>Secundaria</TEXTO>
                </OPCION>
                <OPCION>
                    <VALOR>40</VALOR>
                    <TEXTO>Preparatoria</TEXTO>
                </OPCION>
                <OPCION>
                    <VALOR>50</VALOR>
                    <TEXTO>Licenciatura</TEXTO>
                </OPCION>
                <OPCION>
                    <VALOR>60</VALOR>
                    <TEXTO>Posgrado / Maestria</TEXTO>
                </OPCION>
                <OPCION>
                    <VALOR>70</VALOR>
                    <TEXTO>Tecnica</TEXTO>
                </OPCION>
                <OPCION>
                    <VALOR>80</VALOR>
                    <TEXTO>Comercial</TEXTO>
                </OPCION>
            </OPCIONES>
            <PARAMETER></PARAMETER>
            <RECONOCEDOR></RECONOCEDOR>
            <EDITABLE>SI</EDITABLE>
        </PREGUNTA>
    </SECCION>
    <SECCION>
        <QUESTIONID>2</QUESTIONID>
        <QUESTIONTEXT>DOMICILIO</QUESTIONTEXT>
        <DISPLAYORDER>2</DISPLAYORDER>
        <FORCEANSWER>0</FORCEANSWER>
        <DESPLIEGAVALIDACION>0</DESPLIEGAVALIDACION>
        <PREGUNTA>
            <SURVEYID>3</SURVEYID>
            <QUESTIONID>2</QUESTIONID>
            <CHOICEID>1</CHOICEID>
            <CHOICETEXT>Antiguedad en vivienda actual: YYMM</CHOICETEXT>
            <CHOICETYPE>5</CHOICETYPE>
            <CHOICELEN>15</CHOICELEN>
            <CHOICEFORCE>1</CHOICEFORCE>
            <DATAFIELD></DATAFIELD>
            <TEXTANSWER>18</TEXTANSWER>
            <NUMANSWER>1</NUMANSWER>
            <QUERY>(null)</QUERY>
            <PARAMETER></PARAMETER>
            <RECONOCEDOR></RECONOCEDOR>
            <EDITABLE>SI</EDITABLE>
        </PREGUNTA>
        <PREGUNTA>
            <SURVEYID>3</SURVEYID>
            <QUESTIONID>2</QUESTIONID>
            <CHOICEID>28</CHOICEID>
            <CHOICETEXT>Direccion a autenticar:</CHOICETEXT>
            <CHOICETYPE>8</CHOICETYPE>
            <CHOICELEN>15</CHOICELEN>
            <CHOICEFORCE>1</CHOICEFORCE>
            <DATAFIELD></DATAFIELD>
            <TEXTANSWER>1</TEXTANSWER>
            <NUMANSWER>1</NUMANSWER>
            <QUERY>xsp_direccion_au</QUERY>
            <OPCIONES>
                <OPCION>
                    <VALOR>1</VALOR>
                    <TEXTO>Casa</TEXTO>
                </OPCION>
                <OPCION>
                    <VALOR>2</VALOR>
                    <TEXTO>Oficina</TEXTO>
                </OPCION>
            </OPCIONES>
            <PARAMETER></PARAMETER>
            <RECONOCEDOR></RECONOCEDOR>
            <EDITABLE>SI</EDITABLE>
        </PREGUNTA>
        <PREGUNTA>
            <SURVEYID>3</SURVEYID>
            <QUESTIONID>2</QUESTIONID>
            <CHOICEID>2</CHOICEID>
            <CHOICETEXT>Calle:</CHOICETEXT>
            <CHOICETYPE>5</CHOICETYPE>
            <CHOICELEN>40</CHOICELEN>
            <CHOICEFORCE>1</CHOICEFORCE>
            <DATAFIELD>d.CALLENUMERO</DATAFIELD>
            <TEXTANSWER>NORTE 137</TEXTANSWER>
            <NUMANSWER>1</NUMANSWER>
            <QUERY></QUERY>
            <PARAMETER></PARAMETER>
            <RECONOCEDOR></RECONOCEDOR>
            <EDITABLE>SI</EDITABLE>
        </PREGUNTA>
        <PREGUNTA>
            <SURVEYID>3</SURVEYID>
            <QUESTIONID>2</QUESTIONID>
            <CHOICEID>3</CHOICEID>
            <CHOICETEXT>Numero Ext:</CHOICETEXT>
            <CHOICETYPE>5</CHOICETYPE>
            <CHOICELEN>10</CHOICELEN>
            <CHOICEFORCE>1</CHOICEFORCE>
            <DATAFIELD></DATAFIELD>
            <TEXTANSWER>67</TEXTANSWER>
            <NUMANSWER>1</NUMANSWER>
            <QUERY></QUERY>
            <PARAMETER></PARAMETER>
            <RECONOCEDOR></RECONOCEDOR>
            <EDITABLE>SI</EDITABLE>
        </PREGUNTA>
        <PREGUNTA>
            <SURVEYID>3</SURVEYID>
            <QUESTIONID>2</QUESTIONID>
            <CHOICEID>4</CHOICEID>
            <CHOICETEXT>Numero Int:</CHOICETEXT>
            <CHOICETYPE>5</CHOICETYPE>
            <CHOICELEN>10</CHOICELEN>
            <CHOICEFORCE>0</CHOICEFORCE>
            <DATAFIELD></DATAFIELD>
            <TEXTANSWER>2</TEXTANSWER>
            <NUMANSWER>1</NUMANSWER>
            <QUERY></QUERY>
            <PARAMETER></PARAMETER>
            <RECONOCEDOR></RECONOCEDOR>
            <EDITABLE>SI</EDITABLE>
        </PREGUNTA>
        <PREGUNTA>
            <SURVEYID>3</SURVEYID>
            <QUESTIONID>2</QUESTIONID>
            <CHOICEID>5</CHOICEID>
            <CHOICETEXT>Entre Calle 1:</CHOICETEXT>
            <CHOICETYPE>5</CHOICETYPE>
            <CHOICELEN>50</CHOICELEN>
            <CHOICEFORCE>1</CHOICEFORCE>
            <DATAFIELD></DATAFIELD>
            <TEXTANSWER>PNT 74</TEXTANSWER>
            <NUMANSWER>1</NUMANSWER>
            <QUERY></QUERY>
            <PARAMETER></PARAMETER>
            <RECONOCEDOR></RECONOCEDOR>
            <EDITABLE>SI</EDITABLE>
        </PREGUNTA>
        <PREGUNTA>
            <SURVEYID>3</SURVEYID>
            <QUESTIONID>2</QUESTIONID>
            <CHOICEID>6</CHOICEID>
            <CHOICETEXT>Entre Calle 2:</CHOICETEXT>
            <CHOICETYPE>5</CHOICETYPE>
            <CHOICELEN>50</CHOICELEN>
            <CHOICEFORCE>1</CHOICEFORCE>
            <DATAFIELD></DATAFIELD>
            <TEXTANSWER>AV 5 NDE MAYO</TEXTANSWER>
            <NUMANSWER>1</NUMANSWER>
            <QUERY></QUERY>
            <PARAMETER></PARAMETER>
            <RECONOCEDOR></RECONOCEDOR>
            <EDITABLE>SI</EDITABLE>
        </PREGUNTA>
        <PREGUNTA>
            <SURVEYID>3</SURVEYID>
            <QUESTIONID>2</QUESTIONID>
            <CHOICEID>7</CHOICEID>
            <CHOICETEXT>CP:</CHOICETEXT>
            <CHOICETYPE>5</CHOICETYPE>
            <CHOICELEN>10</CHOICELEN>
            <CHOICEFORCE>1</CHOICEFORCE>
            <DATAFIELD>b.CP</DATAFIELD>
            <TEXTANSWER>02780</TEXTANSWER>
            <NUMANSWER>1</NUMANSWER>
            <QUERY></QUERY>
            <PARAMETER>1</PARAMETER>
            <RECONOCEDOR>CP</RECONOCEDOR>
            <EDITABLE>SI</EDITABLE>
        </PREGUNTA>
        <PREGUNTA>
            <SURVEYID>3</SURVEYID>
            <QUESTIONID>2</QUESTIONID>
            <CHOICEID>8</CHOICEID>
            <CHOICETEXT>Otra Colonia:</CHOICETEXT>
            <CHOICETYPE>5</CHOICETYPE>
            <CHOICELEN>30</CHOICELEN>
            <CHOICEFORCE>0</CHOICEFORCE>
            <DATAFIELD>b.colonia</DATAFIELD>
            <TEXTANSWER></TEXTANSWER>
            <NUMANSWER></NUMANSWER>
            <QUERY></QUERY>
            <PARAMETER></PARAMETER>
            <RECONOCEDOR></RECONOCEDOR>
            <EDITABLE>SI</EDITABLE>
        </PREGUNTA>
        <PREGUNTA>
            <SURVEYID>3</SURVEYID>
            <QUESTIONID>2</QUESTIONID>
            <CHOICEID>9</CHOICEID>
            <CHOICETEXT>Colonia:</CHOICETEXT>
            <CHOICETYPE>8</CHOICETYPE>
            <CHOICELEN>30</CHOICELEN>
            <CHOICEFORCE>1</CHOICEFORCE>
            <DATAFIELD></DATAFIELD>
            <TEXTANSWER>102459</TEXTANSWER>
            <NUMANSWER>1</NUMANSWER>
            <QUERY>xsp_getColonia([1])</QUERY>
            <CP_ID>COLONIA1</CP_ID>
            <PARAMETER></PARAMETER>
            <RECONOCEDOR></RECONOCEDOR>
            <EDITABLE>SI</EDITABLE>
        </PREGUNTA>
        <PREGUNTA>
            <SURVEYID>3</SURVEYID>
            <QUESTIONID>2</QUESTIONID>
            <CHOICEID>11</CHOICEID>
            <CHOICETEXT>Municipio:</CHOICETEXT>
            <CHOICETYPE>8</CHOICETYPE>
            <CHOICELEN>5</CHOICELEN>
            <CHOICEFORCE>1</CHOICEFORCE>
            <DATAFIELD></DATAFIELD>
            <TEXTANSWER>2</TEXTANSWER>
            <NUMANSWER>1</NUMANSWER>
            <QUERY>XSP_GETDELMUNICIPIOCLIENTE([1])</QUERY>
            <CP_ID>MUNICIPIO1</CP_ID>
            <PARAMETER></PARAMETER>
            <RECONOCEDOR></RECONOCEDOR>
            <EDITABLE>SI</EDITABLE>
        </PREGUNTA>
        <PREGUNTA>
            <SURVEYID>3</SURVEYID>
            <QUESTIONID>2</QUESTIONID>
            <CHOICEID>12</CHOICEID>
            <CHOICETEXT>Estado:</CHOICETEXT>
            <CHOICETYPE>8</CHOICETYPE>
            <CHOICELEN>15</CHOICELEN>
            <CHOICEFORCE>1</CHOICEFORCE>
            <DATAFIELD></DATAFIELD>
            <TEXTANSWER>09</TEXTANSWER>
            <NUMANSWER>1</NUMANSWER>
            <QUERY>xsp_getdelEstado2([1])</QUERY>
            <CP_ID>ESTADO1</CP_ID>
            <PARAMETER></PARAMETER>
            <RECONOCEDOR></RECONOCEDOR>
            <EDITABLE>SI</EDITABLE>
        </PREGUNTA>
        <PREGUNTA>
            <SURVEYID>3</SURVEYID>
            <QUESTIONID>2</QUESTIONID>
            <CHOICEID>23</CHOICEID>
            <CHOICETEXT>Lada:</CHOICETEXT>
            <CHOICETYPE>5</CHOICETYPE>
            <CHOICELEN>5</CHOICELEN>
            <CHOICEFORCE>1</CHOICEFORCE>
            <DATAFIELD>t.CLAVELADA</DATAFIELD>
            <TEXTANSWER>55</TEXTANSWER>
            <NUMANSWER>1</NUMANSWER>
            <QUERY></QUERY>
            <PARAMETER></PARAMETER>
            <RECONOCEDOR></RECONOCEDOR>
            <EDITABLE>SI</EDITABLE>
        </PREGUNTA>
        <PREGUNTA>
            <SURVEYID>3</SURVEYID>
            <QUESTIONID>2</QUESTIONID>
            <CHOICEID>24</CHOICEID>
            <CHOICETEXT>Telefono:</CHOICETEXT>
            <CHOICETYPE>5</CHOICETYPE>
            <CHOICELEN>10</CHOICELEN>
            <CHOICEFORCE>1</CHOICEFORCE>
            <DATAFIELD>t.TELEFONO</DATAFIELD>
            <TEXTANSWER>53533794</TEXTANSWER>
            <NUMANSWER>1</NUMANSWER>
            <QUERY></QUERY>
            <PARAMETER></PARAMETER>
            <RECONOCEDOR></RECONOCEDOR>
            <EDITABLE>SI</EDITABLE>
        </PREGUNTA>
        <PREGUNTA>
            <SURVEYID>3</SURVEYID>
            <QUESTIONID>2</QUESTIONID>
            <CHOICEID>27</CHOICEID>
            <CHOICETEXT>Compa?ia Celular:</CHOICETEXT>
            <CHOICETYPE>8</CHOICETYPE>
            <CHOICELEN>15</CHOICELEN>
            <CHOICEFORCE>1</CHOICEFORCE>
            <DATAFIELD></DATAFIELD>
            <TEXTANSWER>1</TEXTANSWER>
            <NUMANSWER>1</NUMANSWER>
            <QUERY>xsp_getcelular</QUERY>
            <OPCIONES>
                <OPCION>
                    <VALOR>1</VALOR>
                    <TEXTO>TELCEL</TEXTO>
                </OPCION>
                <OPCION>
                    <VALOR>2</VALOR>
                    <TEXTO>IUSACELL</TEXTO>
                </OPCION>
                <OPCION>
                    <VALOR>3</VALOR>
                    <TEXTO>NEXTEL</TEXTO>
                </OPCION>
                <OPCION>
                    <VALOR>4</VALOR>
                    <TEXTO>UNEFON</TEXTO>
                </OPCION>
                <OPCION>
                    <VALOR>5</VALOR>
                    <TEXTO>MOVISTAR</TEXTO>
                </OPCION>
                <OPCION>
                    <VALOR>99</VALOR>
                    <TEXTO>NO TIENE CELULAR</TEXTO>
                </OPCION>
            </OPCIONES>
            <PARAMETER></PARAMETER>
            <RECONOCEDOR></RECONOCEDOR>
            <EDITABLE>SI</EDITABLE>
        </PREGUNTA>
        <PREGUNTA>
            <SURVEYID>3</SURVEYID>
            <QUESTIONID>2</QUESTIONID>
            <CHOICEID>25</CHOICEID>
            <CHOICETEXT>Telefono Celular:</CHOICETEXT>
            <CHOICETYPE>5</CHOICETYPE>
            <CHOICELEN>10</CHOICELEN>
            <CHOICEFORCE>0</CHOICEFORCE>
            <DATAFIELD>(null)</DATAFIELD>
            <TEXTANSWER>5540980598</TEXTANSWER>
            <NUMANSWER>1</NUMANSWER>
            <QUERY></QUERY>
            <PARAMETER></PARAMETER>
            <RECONOCEDOR></RECONOCEDOR>
            <EDITABLE>SI</EDITABLE>
        </PREGUNTA>
        <PREGUNTA>
            <SURVEYID>3</SURVEYID>
            <QUESTIONID>2</QUESTIONID>
            <CHOICEID>26</CHOICEID>
            <CHOICETEXT>Correo Electronico:</CHOICETEXT>
            <CHOICETYPE>5</CHOICETYPE>
            <CHOICELEN>30</CHOICELEN>
            <CHOICEFORCE>0</CHOICEFORCE>
            <DATAFIELD></DATAFIELD>
            <TEXTANSWER></TEXTANSWER>
            <NUMANSWER></NUMANSWER>
            <QUERY></QUERY>
            <PARAMETER></PARAMETER>
            <RECONOCEDOR></RECONOCEDOR>
            <EDITABLE>SI</EDITABLE>
        </PREGUNTA>
    </SECCION>
    <SECCION>
        <QUESTIONID>3</QUESTIONID>
        <QUESTIONTEXT>DATOS DE EMPRESA</QUESTIONTEXT>
        <DISPLAYORDER>3</DISPLAYORDER>
        <FORCEANSWER>0</FORCEANSWER>
        <DESPLIEGAVALIDACION>0</DESPLIEGAVALIDACION>
        <PREGUNTA>
            <SURVEYID>3</SURVEYID>
            <QUESTIONID>3</QUESTIONID>
            <CHOICEID>1</CHOICEID>
            <CHOICETEXT>Actividad Laboral:</CHOICETEXT>
            <CHOICETYPE>8</CHOICETYPE>
            <CHOICELEN>30</CHOICELEN>
            <CHOICEFORCE>1</CHOICEFORCE>
            <DATAFIELD></DATAFIELD>
            <TEXTANSWER>8</TEXTANSWER>
            <NUMANSWER>1</NUMANSWER>
            <QUERY>XSP_GETOCUPACION</QUERY>
            <OPCIONES>
                <OPCION>
                    <VALOR>2</VALOR>
                    <TEXTO> Comerciante </TEXTO>
                </OPCION>
                <OPCION>
                    <VALOR>3</VALOR>
                    <TEXTO> Desempleado </TEXTO>
                </OPCION>
                <OPCION>
                    <VALOR>4</VALOR>
                    <TEXTO> Empleado </TEXTO>
                </OPCION>
                <OPCION>
                    <VALOR>5</VALOR>
                    <TEXTO> Estudiante </TEXTO>
                </OPCION>
                <OPCION>
                    <VALOR>6</VALOR>
                    <TEXTO> Independiente </TEXTO>
                </OPCION>
                <OPCION>
                    <VALOR>7</VALOR>
                    <TEXTO> Jubilado </TEXTO>
                </OPCION>
                <OPCION>
                    <VALOR>8</VALOR>
                    <TEXTO> Negocio Propio</TEXTO>
                </OPCION>
                <OPCION>
                    <VALOR>1</VALOR>
                    <TEXTO>Ama de Casa </TEXTO>
                </OPCION>
            </OPCIONES>
            <PARAMETER></PARAMETER>
            <RECONOCEDOR></RECONOCEDOR>
            <EDITABLE>SI</EDITABLE>
        </PREGUNTA>
        <PREGUNTA>
            <SURVEYID>3</SURVEYID>
            <QUESTIONID>3</QUESTIONID>
            <CHOICEID>22</CHOICEID>
            <CHOICETEXT>Detalle Actividad Laboral:</CHOICETEXT>
            <CHOICETYPE>5</CHOICETYPE>
            <CHOICELEN>30</CHOICELEN>
            <CHOICEFORCE>0</CHOICEFORCE>
            <DATAFIELD></DATAFIELD>
            <TEXTANSWER></TEXTANSWER>
            <NUMANSWER></NUMANSWER>
            <QUERY></QUERY>
            <PARAMETER></PARAMETER>
            <RECONOCEDOR></RECONOCEDOR>
            <EDITABLE>SI</EDITABLE>
        </PREGUNTA>
        <PREGUNTA>
            <SURVEYID>3</SURVEYID>
            <QUESTIONID>3</QUESTIONID>
            <CHOICEID>2</CHOICEID>
            <CHOICETEXT>Tipo de Industria</CHOICETEXT>
            <CHOICETYPE>8</CHOICETYPE>
            <CHOICELEN>30</CHOICELEN>
            <CHOICEFORCE>1</CHOICEFORCE>
            <DATAFIELD></DATAFIELD>
            <TEXTANSWER>2</TEXTANSWER>
            <NUMANSWER>1</NUMANSWER>
            <QUERY>XSP_GETTIPOINDUSTRIA</QUERY>
            <OPCIONES>
                <OPCION>
                    <VALOR>2</VALOR>
                    <TEXTO> Comercio </TEXTO>
                </OPCION>
                <OPCION>
                    <VALOR>3</VALOR>
                    <TEXTO> Construccion </TEXTO>
                </OPCION>
                <OPCION>
                    <VALOR>8</VALOR>
                    <TEXTO> Educacion </TEXTO>
                </OPCION>
                <OPCION>
                    <VALOR>5</VALOR>
                    <TEXTO> Financiero </TEXTO>
                </OPCION>
                <OPCION>
                    <VALOR>4</VALOR>
                    <TEXTO> Gobierno </TEXTO>
                </OPCION>
                <OPCION>
                    <VALOR>6</VALOR>
                    <TEXTO> Industria </TEXTO>
                </OPCION>
                <OPCION>
                    <VALOR>7</VALOR>
                    <TEXTO> Manufactura </TEXTO>
                </OPCION>
                <OPCION>
                    <VALOR>99</VALOR>
                    <TEXTO> Otro</TEXTO>
                </OPCION>
                <OPCION>
                    <VALOR>10</VALOR>
                    <TEXTO> Servicios </TEXTO>
                </OPCION>
                <OPCION>
                    <VALOR>9</VALOR>
                    <TEXTO> Turismo </TEXTO>
                </OPCION>
                <OPCION>
                    <VALOR>1</VALOR>
                    <TEXTO>Agropecuario </TEXTO>
                </OPCION>
            </OPCIONES>
            <PARAMETER></PARAMETER>
            <RECONOCEDOR></RECONOCEDOR>
            <EDITABLE>SI</EDITABLE>
        </PREGUNTA>
        <PREGUNTA>
            <SURVEYID>3</SURVEYID>
            <QUESTIONID>3</QUESTIONID>
            <CHOICEID>23</CHOICEID>
            <CHOICETEXT>Detalle Tipo Indutrial:</CHOICETEXT>
            <CHOICETYPE>5</CHOICETYPE>
            <CHOICELEN>30</CHOICELEN>
            <CHOICEFORCE>0</CHOICEFORCE>
            <DATAFIELD></DATAFIELD>
            <TEXTANSWER></TEXTANSWER>
            <NUMANSWER></NUMANSWER>
            <QUERY></QUERY>
            <PARAMETER></PARAMETER>
            <RECONOCEDOR></RECONOCEDOR>
            <EDITABLE>SI</EDITABLE>
        </PREGUNTA>
        <PREGUNTA>
            <SURVEYID>3</SURVEYID>
            <QUESTIONID>3</QUESTIONID>
            <CHOICEID>3</CHOICEID>
            <CHOICETEXT>Antiguedad en actual Empleo: YYMM</CHOICETEXT>
            <CHOICETYPE>5</CHOICETYPE>
            <CHOICELEN>5</CHOICELEN>
            <CHOICEFORCE>1</CHOICEFORCE>
            <DATAFIELD></DATAFIELD>
            <TEXTANSWER>05</TEXTANSWER>
            <NUMANSWER>1</NUMANSWER>
            <QUERY>(null)</QUERY>
            <PARAMETER></PARAMETER>
            <RECONOCEDOR></RECONOCEDOR>
            <EDITABLE>SI</EDITABLE>
        </PREGUNTA>
        <PREGUNTA>
            <SURVEYID>3</SURVEYID>
            <QUESTIONID>3</QUESTIONID>
            <CHOICEID>4</CHOICEID>
            <CHOICETEXT>Antiguedad en Empleo anterior: YYMM</CHOICETEXT>
            <CHOICETYPE>5</CHOICETYPE>
            <CHOICELEN>5</CHOICELEN>
            <CHOICEFORCE>1</CHOICEFORCE>
            <DATAFIELD></DATAFIELD>
            <TEXTANSWER>00</TEXTANSWER>
            <NUMANSWER>1</NUMANSWER>
            <QUERY>(null)</QUERY>
            <PARAMETER></PARAMETER>
            <RECONOCEDOR></RECONOCEDOR>
            <EDITABLE>SI</EDITABLE>
        </PREGUNTA>
        <PREGUNTA>
            <SURVEYID>3</SURVEYID>
            <QUESTIONID>3</QUESTIONID>
            <CHOICEID>5</CHOICEID>
            <CHOICETEXT>Nombre de la Empresa</CHOICETEXT>
            <CHOICETYPE>5</CHOICETYPE>
            <CHOICELEN>30</CHOICELEN>
            <CHOICEFORCE>1</CHOICEFORCE>
            <DATAFIELD></DATAFIELD>
            <TEXTANSWER>ANTONIO REZA</TEXTANSWER>
            <NUMANSWER>1</NUMANSWER>
            <QUERY></QUERY>
            <PARAMETER></PARAMETER>
            <RECONOCEDOR></RECONOCEDOR>
            <EDITABLE>SI</EDITABLE>
        </PREGUNTA>
        <PREGUNTA>
            <SURVEYID>3</SURVEYID>
            <QUESTIONID>3</QUESTIONID>
            <CHOICEID>6</CHOICEID>
            <CHOICETEXT>Calle:</CHOICETEXT>
            <CHOICETYPE>5</CHOICETYPE>
            <CHOICELEN>40</CHOICELEN>
            <CHOICEFORCE>1</CHOICEFORCE>
            <DATAFIELD>(null)</DATAFIELD>
            <TEXTANSWER>NORTE 137</TEXTANSWER>
            <NUMANSWER>1</NUMANSWER>
            <QUERY></QUERY>
            <PARAMETER></PARAMETER>
            <RECONOCEDOR></RECONOCEDOR>
            <EDITABLE>SI</EDITABLE>
        </PREGUNTA>
        <PREGUNTA>
            <SURVEYID>3</SURVEYID>
            <QUESTIONID>3</QUESTIONID>
            <CHOICEID>7</CHOICEID>
            <CHOICETEXT>Numero Ext:</CHOICETEXT>
            <CHOICETYPE>5</CHOICETYPE>
            <CHOICELEN>10</CHOICELEN>
            <CHOICEFORCE>1</CHOICEFORCE>
            <DATAFIELD></DATAFIELD>
            <TEXTANSWER>67</TEXTANSWER>
            <NUMANSWER>1</NUMANSWER>
            <QUERY></QUERY>
            <PARAMETER></PARAMETER>
            <RECONOCEDOR></RECONOCEDOR>
            <EDITABLE>SI</EDITABLE>
        </PREGUNTA>
        <PREGUNTA>
            <SURVEYID>3</SURVEYID>
            <QUESTIONID>3</QUESTIONID>
            <CHOICEID>8</CHOICEID>
            <CHOICETEXT>Numero Int:</CHOICETEXT>
            <CHOICETYPE>5</CHOICETYPE>
            <CHOICELEN>10</CHOICELEN>
            <CHOICEFORCE>0</CHOICEFORCE>
            <DATAFIELD></DATAFIELD>
            <TEXTANSWER>2</TEXTANSWER>
            <NUMANSWER>1</NUMANSWER>
            <QUERY></QUERY>
            <PARAMETER></PARAMETER>
            <RECONOCEDOR></RECONOCEDOR>
            <EDITABLE>SI</EDITABLE>
        </PREGUNTA>
        <PREGUNTA>
            <SURVEYID>3</SURVEYID>
            <QUESTIONID>3</QUESTIONID>
            <CHOICEID>9</CHOICEID>
            <CHOICETEXT>CP:</CHOICETEXT>
            <CHOICETYPE>5</CHOICETYPE>
            <CHOICELEN>10</CHOICELEN>
            <CHOICEFORCE>1</CHOICEFORCE>
            <DATAFIELD></DATAFIELD>
            <TEXTANSWER>02780</TEXTANSWER>
            <NUMANSWER>1</NUMANSWER>
            <QUERY></QUERY>
            <PARAMETER>2</PARAMETER>
            <RECONOCEDOR>CP1</RECONOCEDOR>
            <EDITABLE>SI</EDITABLE>
        </PREGUNTA>
        <PREGUNTA>
            <SURVEYID>3</SURVEYID>
            <QUESTIONID>3</QUESTIONID>
            <CHOICEID>10</CHOICEID>
            <CHOICETEXT>Colonia:</CHOICETEXT>
            <CHOICETYPE>8</CHOICETYPE>
            <CHOICELEN>30</CHOICELEN>
            <CHOICEFORCE>0</CHOICEFORCE>
            <DATAFIELD></DATAFIELD>
            <TEXTANSWER>102459</TEXTANSWER>
            <NUMANSWER>1</NUMANSWER>
            <QUERY>xsp_getColonia([2])</QUERY>
            <CP_ID>COLONIA2</CP_ID>
            <PARAMETER></PARAMETER>
            <RECONOCEDOR></RECONOCEDOR>
            <EDITABLE>SI</EDITABLE>
        </PREGUNTA>
        <PREGUNTA>
            <SURVEYID>3</SURVEYID>
            <QUESTIONID>3</QUESTIONID>
            <CHOICEID>21</CHOICEID>
            <CHOICETEXT>Otra Colonia:</CHOICETEXT>
            <CHOICETYPE>5</CHOICETYPE>
            <CHOICELEN>30</CHOICELEN>
            <CHOICEFORCE>1</CHOICEFORCE>
            <DATAFIELD>(null)</DATAFIELD>
            <TEXTANSWER></TEXTANSWER>
            <NUMANSWER></NUMANSWER>
            <QUERY></QUERY>
            <PARAMETER></PARAMETER>
            <RECONOCEDOR></RECONOCEDOR>
            <EDITABLE>SI</EDITABLE>
        </PREGUNTA>
        <PREGUNTA>
            <SURVEYID>3</SURVEYID>
            <QUESTIONID>3</QUESTIONID>
            <CHOICEID>11</CHOICEID>
            <CHOICETEXT>Municipio:</CHOICETEXT>
            <CHOICETYPE>8</CHOICETYPE>
            <CHOICELEN>5</CHOICELEN>
            <CHOICEFORCE>1</CHOICEFORCE>
            <DATAFIELD></DATAFIELD>
            <TEXTANSWER>2</TEXTANSWER>
            <NUMANSWER>1</NUMANSWER>
            <QUERY>XSP_GETDELMUNICIPIOCLIENTE([2])</QUERY>
            <CP_ID>MUNICIPIO2</CP_ID>
            <PARAMETER></PARAMETER>
            <RECONOCEDOR></RECONOCEDOR>
            <EDITABLE>SI</EDITABLE>
        </PREGUNTA>
        <PREGUNTA>
            <SURVEYID>3</SURVEYID>
            <QUESTIONID>3</QUESTIONID>
            <CHOICEID>12</CHOICEID>
            <CHOICETEXT>Estado:</CHOICETEXT>
            <CHOICETYPE>8</CHOICETYPE>
            <CHOICELEN>15</CHOICELEN>
            <CHOICEFORCE>1</CHOICEFORCE>
            <DATAFIELD></DATAFIELD>
            <TEXTANSWER>09</TEXTANSWER>
            <NUMANSWER>1</NUMANSWER>
            <QUERY>xsp_getdelEstado2([2])</QUERY>
            <CP_ID>ESTADO2</CP_ID>
            <PARAMETER></PARAMETER>
            <RECONOCEDOR></RECONOCEDOR>
            <EDITABLE>SI</EDITABLE>
        </PREGUNTA>
        <PREGUNTA>
            <SURVEYID>3</SURVEYID>
            <QUESTIONID>3</QUESTIONID>
            <CHOICEID>13</CHOICEID>
            <CHOICETEXT>Lada Oficina</CHOICETEXT>
            <CHOICETYPE>5</CHOICETYPE>
            <CHOICELEN>10</CHOICELEN>
            <CHOICEFORCE>1</CHOICEFORCE>
            <DATAFIELD></DATAFIELD>
            <TEXTANSWER>55</TEXTANSWER>
            <NUMANSWER>1</NUMANSWER>
            <QUERY></QUERY>
            <PARAMETER></PARAMETER>
            <RECONOCEDOR></RECONOCEDOR>
            <EDITABLE>SI</EDITABLE>
        </PREGUNTA>
        <PREGUNTA>
            <SURVEYID>3</SURVEYID>
            <QUESTIONID>3</QUESTIONID>
            <CHOICEID>14</CHOICEID>
            <CHOICETEXT>Telefono Oficina</CHOICETEXT>
            <CHOICETYPE>5</CHOICETYPE>
            <CHOICELEN>10</CHOICELEN>
            <CHOICEFORCE>1</CHOICEFORCE>
            <DATAFIELD></DATAFIELD>
            <TEXTANSWER>53533794</TEXTANSWER>
            <NUMANSWER>1</NUMANSWER>
            <QUERY></QUERY>
            <PARAMETER></PARAMETER>
            <RECONOCEDOR></RECONOCEDOR>
            <EDITABLE>SI</EDITABLE>
        </PREGUNTA>
        <PREGUNTA>
            <SURVEYID>3</SURVEYID>
            <QUESTIONID>3</QUESTIONID>
            <CHOICEID>15</CHOICEID>
            <CHOICETEXT>Extension</CHOICETEXT>
            <CHOICETYPE>5</CHOICETYPE>
            <CHOICELEN>10</CHOICELEN>
            <CHOICEFORCE>0</CHOICEFORCE>
            <DATAFIELD></DATAFIELD>
            <TEXTANSWER></TEXTANSWER>
            <NUMANSWER></NUMANSWER>
            <QUERY></QUERY>
            <PARAMETER></PARAMETER>
            <RECONOCEDOR></RECONOCEDOR>
            <EDITABLE>SI</EDITABLE>
        </PREGUNTA>
        <PREGUNTA>
            <SURVEYID>3</SURVEYID>
            <QUESTIONID>3</QUESTIONID>
            <CHOICEID>16</CHOICEID>
            <CHOICETEXT>Ingresos Fijos Comprobables</CHOICETEXT>
            <CHOICETYPE>5</CHOICETYPE>
            <CHOICELEN>10</CHOICELEN>
            <CHOICEFORCE>1</CHOICEFORCE>
            <DATAFIELD></DATAFIELD>
            <TEXTANSWER>8000</TEXTANSWER>
            <NUMANSWER>1</NUMANSWER>
            <QUERY></QUERY>
            <PARAMETER></PARAMETER>
            <RECONOCEDOR>(null)</RECONOCEDOR>
            <EDITABLE>SI</EDITABLE>
        </PREGUNTA>
        <PREGUNTA>
            <SURVEYID>3</SURVEYID>
            <QUESTIONID>3</QUESTIONID>
            <CHOICEID>17</CHOICEID>
            <CHOICETEXT>Otros Ingresos</CHOICETEXT>
            <CHOICETYPE>5</CHOICETYPE>
            <CHOICELEN>15</CHOICELEN>
            <CHOICEFORCE>0</CHOICEFORCE>
            <DATAFIELD></DATAFIELD>
            <TEXTANSWER></TEXTANSWER>
            <NUMANSWER></NUMANSWER>
            <QUERY>(null)</QUERY>
            <PARAMETER></PARAMETER>
            <RECONOCEDOR></RECONOCEDOR>
            <EDITABLE>SI</EDITABLE>
        </PREGUNTA>
        <PREGUNTA>
            <SURVEYID>3</SURVEYID>
            <QUESTIONID>3</QUESTIONID>
            <CHOICEID>19</CHOICEID>
            <CHOICETEXT>TDC Ofrecida</CHOICETEXT>
            <CHOICETYPE>8</CHOICETYPE>
            <CHOICELEN>15</CHOICELEN>
            <CHOICEFORCE>1</CHOICEFORCE>
            <DATAFIELD></DATAFIELD>
            <TEXTANSWER>1</TEXTANSWER>
            <NUMANSWER>1</NUMANSWER>
            <QUERY>XSP_GETTARJETAS</QUERY>
            <OPCIONES>
                <OPCION>
                    <VALOR>3</VALOR>
                    <TEXTO>VOLARIS</TEXTO>
                </OPCION>
            </OPCIONES>
            <PARAMETER></PARAMETER>
            <RECONOCEDOR></RECONOCEDOR>
            <EDITABLE>SI</EDITABLE>
        </PREGUNTA>
    </SECCION>
    <SECCION>
        <QUESTIONID>7</QUESTIONID>
        <QUESTIONTEXT>REFERENCIAS PERSONALES</QUESTIONTEXT>
        <DISPLAYORDER>5</DISPLAYORDER>
        <FORCEANSWER>0</FORCEANSWER>
        <DESPLIEGAVALIDACION>0</DESPLIEGAVALIDACION>
        <PREGUNTA>
            <SURVEYID>3</SURVEYID>
            <QUESTIONID>7</QUESTIONID>
            <CHOICEID>98</CHOICEID>
            <CHOICETEXT>Parentesco Referencia Familiar:</CHOICETEXT>
            <CHOICETYPE>8</CHOICETYPE>
            <CHOICELEN>10</CHOICELEN>
            <CHOICEFORCE>1</CHOICEFORCE>
            <DATAFIELD></DATAFIELD>
            <TEXTANSWER>4</TEXTANSWER>
            <NUMANSWER>1</NUMANSWER>
            <QUERY>XSP_GETPERENTESCO</QUERY>
            <OPCIONES>
                <OPCION>
                    <VALOR>1</VALOR>
                    <TEXTO>Bisabuelo </TEXTO>
                </OPCION>
                <OPCION>
                    <VALOR>2</VALOR>
                    <TEXTO> Cu?ado (a) </TEXTO>
                </OPCION>
                <OPCION>
                    <VALOR>3</VALOR>
                    <TEXTO> Esposo (a) </TEXTO>
                </OPCION>
                <OPCION>
                    <VALOR>4</VALOR>
                    <TEXTO> Hermano (a) </TEXTO>
                </OPCION>
                <OPCION>
                    <VALOR>5</VALOR>
                    <TEXTO> Hijo (a) </TEXTO>
                </OPCION>
                <OPCION>
                    <VALOR>6</VALOR>
                    <TEXTO> Madre </TEXTO>
                </OPCION>
                <OPCION>
                    <VALOR>7</VALOR>
                    <TEXTO> Padre </TEXTO>
                </OPCION>
                <OPCION>
                    <VALOR>8</VALOR>
                    <TEXTO> Medio Hermano (a) </TEXTO>
                </OPCION>
                <OPCION>
                    <VALOR>9</VALOR>
                    <TEXTO> Nieto (a) </TEXTO>
                </OPCION>
                <OPCION>
                    <VALOR>10</VALOR>
                    <TEXTO> Nuera </TEXTO>
                </OPCION>
                <OPCION>
                    <VALOR>11</VALOR>
                    <TEXTO> Primo (a) </TEXTO>
                </OPCION>
                <OPCION>
                    <VALOR>12</VALOR>
                    <TEXTO> Sobrino (a) </TEXTO>
                </OPCION>
                <OPCION>
                    <VALOR>13</VALOR>
                    <TEXTO> Suegro (a) </TEXTO>
                </OPCION>
                <OPCION>
                    <VALOR>14</VALOR>
                    <TEXTO> Tio (a) </TEXTO>
                </OPCION>
                <OPCION>
                    <VALOR>15</VALOR>
                    <TEXTO> Yerno</TEXTO>
                </OPCION>
            </OPCIONES>
            <PARAMETER></PARAMETER>
            <RECONOCEDOR></RECONOCEDOR>
            <EDITABLE>SI</EDITABLE>
        </PREGUNTA>
        <PREGUNTA>
            <SURVEYID>3</SURVEYID>
            <QUESTIONID>7</QUESTIONID>
            <CHOICEID>86</CHOICEID>
            <CHOICETEXT>Nombre Referencia Familiar:</CHOICETEXT>
            <CHOICETYPE>5</CHOICETYPE>
            <CHOICELEN>30</CHOICELEN>
            <CHOICEFORCE>1</CHOICEFORCE>
            <DATAFIELD></DATAFIELD>
            <TEXTANSWER>MARIA DEL CARMEN</TEXTANSWER>
            <NUMANSWER>1</NUMANSWER>
            <QUERY></QUERY>
            <PARAMETER></PARAMETER>
            <RECONOCEDOR></RECONOCEDOR>
            <EDITABLE>SI</EDITABLE>
        </PREGUNTA>
        <PREGUNTA>
            <SURVEYID>3</SURVEYID>
            <QUESTIONID>7</QUESTIONID>
            <CHOICEID>87</CHOICEID>
            <CHOICETEXT>Apellidos Referencia Familiar:</CHOICETEXT>
            <CHOICETYPE>5</CHOICETYPE>
            <CHOICELEN>30</CHOICELEN>
            <CHOICEFORCE>1</CHOICEFORCE>
            <DATAFIELD></DATAFIELD>
            <TEXTANSWER>REZA</TEXTANSWER>
            <NUMANSWER>1</NUMANSWER>
            <QUERY></QUERY>
            <PARAMETER></PARAMETER>
            <RECONOCEDOR></RECONOCEDOR>
            <EDITABLE>SI</EDITABLE>
        </PREGUNTA>
        <PREGUNTA>
            <SURVEYID>3</SURVEYID>
            <QUESTIONID>7</QUESTIONID>
            <CHOICEID>89</CHOICEID>
            <CHOICETEXT>Lada Referencia Familiar:</CHOICETEXT>
            <CHOICETYPE>5</CHOICETYPE>
            <CHOICELEN>5</CHOICELEN>
            <CHOICEFORCE>1</CHOICEFORCE>
            <DATAFIELD></DATAFIELD>
            <TEXTANSWER>55</TEXTANSWER>
            <NUMANSWER>1</NUMANSWER>
            <QUERY></QUERY>
            <PARAMETER></PARAMETER>
            <RECONOCEDOR></RECONOCEDOR>
            <EDITABLE>SI</EDITABLE>
        </PREGUNTA>
        <PREGUNTA>
            <SURVEYID>3</SURVEYID>
            <QUESTIONID>7</QUESTIONID>
            <CHOICEID>90</CHOICEID>
            <CHOICETEXT>Telefono Referencia Familiar:</CHOICETEXT>
            <CHOICETYPE>5</CHOICETYPE>
            <CHOICELEN>10</CHOICELEN>
            <CHOICEFORCE>1</CHOICEFORCE>
            <DATAFIELD></DATAFIELD>
            <TEXTANSWER>91130607</TEXTANSWER>
            <NUMANSWER>1</NUMANSWER>
            <QUERY></QUERY>
            <PARAMETER></PARAMETER>
            <RECONOCEDOR></RECONOCEDOR>
            <EDITABLE>SI</EDITABLE>
        </PREGUNTA>
        <PREGUNTA>
            <SURVEYID>3</SURVEYID>
            <QUESTIONID>7</QUESTIONID>
            <CHOICEID>96</CHOICEID>
            <CHOICETEXT>Telefono Celular:</CHOICETEXT>
            <CHOICETYPE>5</CHOICETYPE>
            <CHOICELEN>10</CHOICELEN>
            <CHOICEFORCE>0</CHOICEFORCE>
            <DATAFIELD></DATAFIELD>
            <TEXTANSWER></TEXTANSWER>
            <NUMANSWER></NUMANSWER>
            <QUERY></QUERY>
            <PARAMETER></PARAMETER>
            <RECONOCEDOR></RECONOCEDOR>
            <EDITABLE>SI</EDITABLE>
        </PREGUNTA>
        <PREGUNTA>
            <SURVEYID>3</SURVEYID>
            <QUESTIONID>7</QUESTIONID>
            <CHOICEID>91</CHOICEID>
            <CHOICETEXT>Nombre Referencia Personal:</CHOICETEXT>
            <CHOICETYPE>5</CHOICETYPE>
            <CHOICELEN>30</CHOICELEN>
            <CHOICEFORCE>0</CHOICEFORCE>
            <DATAFIELD></DATAFIELD>
            <TEXTANSWER>RAUL</TEXTANSWER>
            <NUMANSWER>1</NUMANSWER>
            <QUERY></QUERY>
            <PARAMETER></PARAMETER>
            <RECONOCEDOR></RECONOCEDOR>
            <EDITABLE>SI</EDITABLE>
        </PREGUNTA>
        <PREGUNTA>
            <SURVEYID>3</SURVEYID>
            <QUESTIONID>7</QUESTIONID>
            <CHOICEID>92</CHOICEID>
            <CHOICETEXT>Apellidos Referencia Personal:</CHOICETEXT>
            <CHOICETYPE>5</CHOICETYPE>
            <CHOICELEN>30</CHOICELEN>
            <CHOICEFORCE>0</CHOICEFORCE>
            <DATAFIELD></DATAFIELD>
            <TEXTANSWER>MANCILLA RICO</TEXTANSWER>
            <NUMANSWER>1</NUMANSWER>
            <QUERY></QUERY>
            <PARAMETER></PARAMETER>
            <RECONOCEDOR></RECONOCEDOR>
            <EDITABLE>SI</EDITABLE>
        </PREGUNTA>
        <PREGUNTA>
            <SURVEYID>3</SURVEYID>
            <QUESTIONID>7</QUESTIONID>
            <CHOICEID>94</CHOICEID>
            <CHOICETEXT>Lada Referencia Personal :</CHOICETEXT>
            <CHOICETYPE>5</CHOICETYPE>
            <CHOICELEN>5</CHOICELEN>
            <CHOICEFORCE>0</CHOICEFORCE>
            <DATAFIELD></DATAFIELD>
            <TEXTANSWER>55</TEXTANSWER>
            <NUMANSWER>1</NUMANSWER>
            <QUERY></QUERY>
            <PARAMETER></PARAMETER>
            <RECONOCEDOR></RECONOCEDOR>
            <EDITABLE>SI</EDITABLE>
        </PREGUNTA>
        <PREGUNTA>
            <SURVEYID>3</SURVEYID>
            <QUESTIONID>7</QUESTIONID>
            <CHOICEID>95</CHOICEID>
            <CHOICETEXT>Telefono Referencia Personal:</CHOICETEXT>
            <CHOICETYPE>5</CHOICETYPE>
            <CHOICELEN>10</CHOICELEN>
            <CHOICEFORCE>0</CHOICEFORCE>
            <DATAFIELD></DATAFIELD>
            <TEXTANSWER>55615583</TEXTANSWER>
            <NUMANSWER>1</NUMANSWER>
            <QUERY></QUERY>
            <PARAMETER></PARAMETER>
            <RECONOCEDOR></RECONOCEDOR>
            <EDITABLE>SI</EDITABLE>
        </PREGUNTA>
        <PREGUNTA>
            <SURVEYID>3</SURVEYID>
            <QUESTIONID>7</QUESTIONID>
            <CHOICEID>97</CHOICEID>
            <CHOICETEXT>Telefono Celular:</CHOICETEXT>
            <CHOICETYPE>5</CHOICETYPE>
            <CHOICELEN>10</CHOICELEN>
            <CHOICEFORCE>0</CHOICEFORCE>
            <DATAFIELD></DATAFIELD>
            <TEXTANSWER></TEXTANSWER>
            <NUMANSWER></NUMANSWER>
            <QUERY></QUERY>
            <PARAMETER></PARAMETER>
            <RECONOCEDOR></RECONOCEDOR>
            <EDITABLE>SI</EDITABLE>
        </PREGUNTA>
        <PREGUNTA>
            <SURVEYID>3</SURVEYID>
            <QUESTIONID>7</QUESTIONID>
            <CHOICEID>100</CHOICEID>
            <CHOICETEXT>Nombre Referencia Extra:</CHOICETEXT>
            <CHOICETYPE>5</CHOICETYPE>
            <CHOICELEN>30</CHOICELEN>
            <CHOICEFORCE>0</CHOICEFORCE>
            <DATAFIELD></DATAFIELD>
            <TEXTANSWER>RAUL</TEXTANSWER>
            <NUMANSWER>1</NUMANSWER>
            <QUERY></QUERY>
            <PARAMETER></PARAMETER>
            <RECONOCEDOR></RECONOCEDOR>
            <EDITABLE>SI</EDITABLE>
        </PREGUNTA>
        <PREGUNTA>
            <SURVEYID>3</SURVEYID>
            <QUESTIONID>7</QUESTIONID>
            <CHOICEID>101</CHOICEID>
            <CHOICETEXT>Apellidos Referencia Extra:</CHOICETEXT>
            <CHOICETYPE>5</CHOICETYPE>
            <CHOICELEN>30</CHOICELEN>
            <CHOICEFORCE>0</CHOICEFORCE>
            <DATAFIELD></DATAFIELD>
            <TEXTANSWER>MANCILLA RICO</TEXTANSWER>
            <NUMANSWER>1</NUMANSWER>
            <QUERY></QUERY>
            <PARAMETER></PARAMETER>
            <RECONOCEDOR></RECONOCEDOR>
            <EDITABLE>SI</EDITABLE>
        </PREGUNTA>
        <PREGUNTA>
            <SURVEYID>3</SURVEYID>
            <QUESTIONID>7</QUESTIONID>
            <CHOICEID>102</CHOICEID>
            <CHOICETEXT>Lada Referencia Extra:</CHOICETEXT>
            <CHOICETYPE>5</CHOICETYPE>
            <CHOICELEN>5</CHOICELEN>
            <CHOICEFORCE>0</CHOICEFORCE>
            <DATAFIELD></DATAFIELD>
            <TEXTANSWER>55</TEXTANSWER>
            <NUMANSWER>1</NUMANSWER>
            <QUERY></QUERY>
            <PARAMETER></PARAMETER>
            <RECONOCEDOR></RECONOCEDOR>
            <EDITABLE>SI</EDITABLE>
        </PREGUNTA>
        <PREGUNTA>
            <SURVEYID>3</SURVEYID>
            <QUESTIONID>7</QUESTIONID>
            <CHOICEID>103</CHOICEID>
            <CHOICETEXT>Telefono Referencia Extra:</CHOICETEXT>
            <CHOICETYPE>5</CHOICETYPE>
            <CHOICELEN>10</CHOICELEN>
            <CHOICEFORCE>0</CHOICEFORCE>
            <DATAFIELD></DATAFIELD>
            <TEXTANSWER>55615583</TEXTANSWER>
            <NUMANSWER>1</NUMANSWER>
            <QUERY></QUERY>
            <PARAMETER></PARAMETER>
            <RECONOCEDOR></RECONOCEDOR>
            <EDITABLE>SI</EDITABLE>
        </PREGUNTA>
    </SECCION>
    <SECCION>
        <QUESTIONID>4</QUESTIONID>
        <QUESTIONTEXT>REFERENCIAS BANCARIAS</QUESTIONTEXT>
        <DISPLAYORDER>6</DISPLAYORDER>
        <FORCEANSWER>0</FORCEANSWER>
        <DESPLIEGAVALIDACION>0</DESPLIEGAVALIDACION>
        <PREGUNTA>
            <SURVEYID>3</SURVEYID>
            <QUESTIONID>4</QUESTIONID>
            <CHOICEID>1</CHOICEID>
            <CHOICETEXT>Banco de Referencia Bancaria 1</CHOICETEXT>
            <CHOICETYPE>8</CHOICETYPE>
            <CHOICELEN>0</CHOICELEN>
            <CHOICEFORCE>1</CHOICEFORCE>
            <DATAFIELD></DATAFIELD>
            <TEXTANSWER>3</TEXTANSWER>
            <NUMANSWER>1</NUMANSWER>
            <QUERY>XSP_GETBANCOS</QUERY>
            <OPCIONES>
                <OPCION>
                    <VALOR>25</VALOR>
                    <TEXTO>AMEX (CREDITO)</TEXTO>
                </OPCION>
                <OPCION>
                    <VALOR>6</VALOR>
                    <TEXTO>BANAMEX</TEXTO>
                </OPCION>
                <OPCION>
                    <VALOR>120</VALOR>
                    <TEXTO>BANCA AFIRME</TEXTO>
                </OPCION>
                <OPCION>
                    <VALOR>66</VALOR>
                    <TEXTO>BANCO DEL BAJIO</TEXTO>
                </OPCION>
                <OPCION>
                    <VALOR>8</VALOR>
                    <TEXTO>BANJERCITO</TEXTO>
                </OPCION>
                <OPCION>
                    <VALOR>10</VALOR>
                    <TEXTO>BANORTE</TEXTO>
                </OPCION>
                <OPCION>
                    <VALOR>117</VALOR>
                    <TEXTO>BANREGIO</TEXTO>
                </OPCION>
                <OPCION>
                    <VALOR>3</VALOR>
                    <TEXTO>BBVA BANCOMER</TEXTO>
                </OPCION>
                <OPCION>
                    <VALOR>49</VALOR>
                    <TEXTO>CHEDRAUI</TEXTO>
                </OPCION>
                <OPCION>
                    <VALOR>28</VALOR>
                    <TEXTO>COMERCIAL MEXICANA</TEXTO>
                </OPCION>
                <OPCION>
                    <VALOR>48</VALOR>
                    <TEXTO>CREDIMATICO</TEXTO>
                </OPCION>
                <OPCION>
                    <VALOR>72</VALOR>
                    <TEXTO>GE CAPITAL BANK</TEXTO>
                </OPCION>
                <OPCION>
                    <VALOR>92</VALOR>
                    <TEXTO>HOME DEPOT</TEXTO>
                </OPCION>
                <OPCION>
                    <VALOR>54</VALOR>
                    <TEXTO>HOME MART</TEXTO>
                </OPCION>
                <OPCION>
                    <VALOR>12</VALOR>
                    <TEXTO>HSBC</TEXTO>
                </OPCION>
                <OPCION>
                    <VALOR>20</VALOR>
                    <TEXTO>INBURSA</TEXTO>
                </OPCION>
                <OPCION>
                    <VALOR>116</VALOR>
                    <TEXTO>INVEX</TEXTO>
                </OPCION>
                <OPCION>
                    <VALOR>22</VALOR>
                    <TEXTO>IXE BANCO</TEXTO>
                </OPCION>
                <OPCION>
                    <VALOR>30</VALOR>
                    <TEXTO>LIVERPOOL</TEXTO>
                </OPCION>
                <OPCION>
                    <VALOR>58</VALOR>
                    <TEXTO>OFFICE DEPOT</TEXTO>
                </OPCION>
                <OPCION>
                    <VALOR>59</VALOR>
                    <TEXTO>OFFICE MAX</TEXTO>
                </OPCION>
                <OPCION>
                    <VALOR>1</VALOR>
                    <TEXTO>SANTANDER SERFIN</TEXTO>
                </OPCION>
                <OPCION>
                    <VALOR>21</VALOR>
                    <TEXTO>SCOTIABANK INVERLAT</TEXTO>
                </OPCION>
                <OPCION>
                    <VALOR>32</VALOR>
                    <TEXTO>SEARS</TEXTO>
                </OPCION>
                <OPCION>
                    <VALOR>62</VALOR>
                    <TEXTO>SORIANA</TEXTO>
                </OPCION>
                <OPCION>
                    <VALOR>119</VALOR>
                    <TEXTO>SPIRA</TEXTO>
                </OPCION>
                <OPCION>
                    <VALOR>33</VALOR>
                    <TEXTO>SUBURBIA</TEXTO>
                </OPCION>
                <OPCION>
                    <VALOR>2</VALOR>
                    <TEXTO>UNIBANCO</TEXTO>
                </OPCION>
                <OPCION>
                    <VALOR>34</VALOR>
                    <TEXTO>WALMART</TEXTO>
                </OPCION>
            </OPCIONES>
            <PARAMETER></PARAMETER>
            <RECONOCEDOR></RECONOCEDOR>
            <EDITABLE>SI</EDITABLE>
        </PREGUNTA>
        <PREGUNTA>
            <SURVEYID>3</SURVEYID>
            <QUESTIONID>4</QUESTIONID>
            <CHOICEID>2</CHOICEID>
            <CHOICETEXT>Digitos de TDC Referencia Bancaria 1</CHOICETEXT>
            <CHOICETYPE>5</CHOICETYPE>
            <CHOICELEN>10</CHOICELEN>
            <CHOICEFORCE>1</CHOICEFORCE>
            <DATAFIELD></DATAFIELD>
            <TEXTANSWER>1377</TEXTANSWER>
            <NUMANSWER>1</NUMANSWER>
            <QUERY></QUERY>
            <PARAMETER></PARAMETER>
            <RECONOCEDOR></RECONOCEDOR>
            <EDITABLE>SI</EDITABLE>
        </PREGUNTA>
        <PREGUNTA>
            <SURVEYID>3</SURVEYID>
            <QUESTIONID>4</QUESTIONID>
            <CHOICEID>7</CHOICEID>
            <CHOICETEXT>Antiguedad TDC 1 (YYMM)</CHOICETEXT>
            <CHOICETYPE>5</CHOICETYPE>
            <CHOICELEN>10</CHOICELEN>
            <CHOICEFORCE>1</CHOICEFORCE>
            <DATAFIELD></DATAFIELD>
            <TEXTANSWER>02</TEXTANSWER>
            <NUMANSWER>1</NUMANSWER>
            <QUERY></QUERY>
            <PARAMETER></PARAMETER>
            <RECONOCEDOR></RECONOCEDOR>
            <EDITABLE>SI</EDITABLE>
        </PREGUNTA>
        <PREGUNTA>
            <SURVEYID>3</SURVEYID>
            <QUESTIONID>4</QUESTIONID>
            <CHOICEID>10</CHOICEID>
            <CHOICETEXT>Limite de credito TDC 1:</CHOICETEXT>
            <CHOICETYPE>5</CHOICETYPE>
            <CHOICELEN>10</CHOICELEN>
            <CHOICEFORCE>1</CHOICEFORCE>
            <DATAFIELD></DATAFIELD>
            <TEXTANSWER>10000</TEXTANSWER>
            <NUMANSWER>1</NUMANSWER>
            <QUERY></QUERY>
            <PARAMETER></PARAMETER>
            <RECONOCEDOR></RECONOCEDOR>
            <EDITABLE>SI</EDITABLE>
        </PREGUNTA>
        <PREGUNTA>
            <SURVEYID>3</SURVEYID>
            <QUESTIONID>4</QUESTIONID>
            <CHOICEID>3</CHOICEID>
            <CHOICETEXT>Banco de Referencia Bancaria 2</CHOICETEXT>
            <CHOICETYPE>8</CHOICETYPE>
            <CHOICELEN>0</CHOICELEN>
            <CHOICEFORCE>0</CHOICEFORCE>
            <DATAFIELD></DATAFIELD>
            <TEXTANSWER></TEXTANSWER>
            <NUMANSWER></NUMANSWER>
            <QUERY>XSP_GETBANCOS</QUERY>
            <OPCIONES>
                <OPCION>
                    <VALOR>25</VALOR>
                    <TEXTO>AMEX (CREDITO)</TEXTO>
                </OPCION>
                <OPCION>
                    <VALOR>6</VALOR>
                    <TEXTO>BANAMEX</TEXTO>
                </OPCION>
                <OPCION>
                    <VALOR>120</VALOR>
                    <TEXTO>BANCA AFIRME</TEXTO>
                </OPCION>
                <OPCION>
                    <VALOR>66</VALOR>
                    <TEXTO>BANCO DEL BAJIO</TEXTO>
                </OPCION>
                <OPCION>
                    <VALOR>8</VALOR>
                    <TEXTO>BANJERCITO</TEXTO>
                </OPCION>
                <OPCION>
                    <VALOR>10</VALOR>
                    <TEXTO>BANORTE</TEXTO>
                </OPCION>
                <OPCION>
                    <VALOR>117</VALOR>
                    <TEXTO>BANREGIO</TEXTO>
                </OPCION>
                <OPCION>
                    <VALOR>3</VALOR>
                    <TEXTO>BBVA BANCOMER</TEXTO>
                </OPCION>
                <OPCION>
                    <VALOR>49</VALOR>
                    <TEXTO>CHEDRAUI</TEXTO>
                </OPCION>
                <OPCION>
                    <VALOR>28</VALOR>
                    <TEXTO>COMERCIAL MEXICANA</TEXTO>
                </OPCION>
                <OPCION>
                    <VALOR>48</VALOR>
                    <TEXTO>CREDIMATICO</TEXTO>
                </OPCION>
                <OPCION>
                    <VALOR>72</VALOR>
                    <TEXTO>GE CAPITAL BANK</TEXTO>
                </OPCION>
                <OPCION>
                    <VALOR>92</VALOR>
                    <TEXTO>HOME DEPOT</TEXTO>
                </OPCION>
                <OPCION>
                    <VALOR>54</VALOR>
                    <TEXTO>HOME MART</TEXTO>
                </OPCION>
                <OPCION>
                    <VALOR>12</VALOR>
                    <TEXTO>HSBC</TEXTO>
                </OPCION>
                <OPCION>
                    <VALOR>20</VALOR>
                    <TEXTO>INBURSA</TEXTO>
                </OPCION>
                <OPCION>
                    <VALOR>116</VALOR>
                    <TEXTO>INVEX</TEXTO>
                </OPCION>
                <OPCION>
                    <VALOR>22</VALOR>
                    <TEXTO>IXE BANCO</TEXTO>
                </OPCION>
                <OPCION>
                    <VALOR>30</VALOR>
                    <TEXTO>LIVERPOOL</TEXTO>
                </OPCION>
                <OPCION>
                    <VALOR>58</VALOR>
                    <TEXTO>OFFICE DEPOT</TEXTO>
                </OPCION>
                <OPCION>
                    <VALOR>59</VALOR>
                    <TEXTO>OFFICE MAX</TEXTO>
                </OPCION>
                <OPCION>
                    <VALOR>1</VALOR>
                    <TEXTO>SANTANDER SERFIN</TEXTO>
                </OPCION>
                <OPCION>
                    <VALOR>21</VALOR>
                    <TEXTO>SCOTIABANK INVERLAT</TEXTO>
                </OPCION>
                <OPCION>
                    <VALOR>32</VALOR>
                    <TEXTO>SEARS</TEXTO>
                </OPCION>
                <OPCION>
                    <VALOR>62</VALOR>
                    <TEXTO>SORIANA</TEXTO>
                </OPCION>
                <OPCION>
                    <VALOR>119</VALOR>
                    <TEXTO>SPIRA</TEXTO>
                </OPCION>
                <OPCION>
                    <VALOR>33</VALOR>
                    <TEXTO>SUBURBIA</TEXTO>
                </OPCION>
                <OPCION>
                    <VALOR>2</VALOR>
                    <TEXTO>UNIBANCO</TEXTO>
                </OPCION>
                <OPCION>
                    <VALOR>34</VALOR>
                    <TEXTO>WALMART</TEXTO>
                </OPCION>
            </OPCIONES>
            <PARAMETER></PARAMETER>
            <RECONOCEDOR></RECONOCEDOR>
            <EDITABLE>SI</EDITABLE>
        </PREGUNTA>
        <PREGUNTA>
            <SURVEYID>3</SURVEYID>
            <QUESTIONID>4</QUESTIONID>
            <CHOICEID>4</CHOICEID>
            <CHOICETEXT>Digitos de TDC Referencia Bancaria 2</CHOICETEXT>
            <CHOICETYPE>5</CHOICETYPE>
            <CHOICELEN>10</CHOICELEN>
            <CHOICEFORCE>0</CHOICEFORCE>
            <DATAFIELD></DATAFIELD>
            <TEXTANSWER></TEXTANSWER>
            <NUMANSWER></NUMANSWER>
            <QUERY>(null)</QUERY>
            <PARAMETER></PARAMETER>
            <RECONOCEDOR></RECONOCEDOR>
            <EDITABLE>SI</EDITABLE>
        </PREGUNTA>
        <PREGUNTA>
            <SURVEYID>3</SURVEYID>
            <QUESTIONID>4</QUESTIONID>
            <CHOICEID>8</CHOICEID>
            <CHOICETEXT>Antiguedad TDC 2 (YYMM)</CHOICETEXT>
            <CHOICETYPE>5</CHOICETYPE>
            <CHOICELEN>10</CHOICELEN>
            <CHOICEFORCE>0</CHOICEFORCE>
            <DATAFIELD></DATAFIELD>
            <TEXTANSWER></TEXTANSWER>
            <NUMANSWER></NUMANSWER>
            <QUERY></QUERY>
            <PARAMETER></PARAMETER>
            <RECONOCEDOR></RECONOCEDOR>
            <EDITABLE>SI</EDITABLE>
        </PREGUNTA>
        <PREGUNTA>
            <SURVEYID>3</SURVEYID>
            <QUESTIONID>4</QUESTIONID>
            <CHOICEID>11</CHOICEID>
            <CHOICETEXT>Limite de credito TDC 2:</CHOICETEXT>
            <CHOICETYPE>5</CHOICETYPE>
            <CHOICELEN>10</CHOICELEN>
            <CHOICEFORCE>0</CHOICEFORCE>
            <DATAFIELD></DATAFIELD>
            <TEXTANSWER></TEXTANSWER>
            <NUMANSWER></NUMANSWER>
            <QUERY></QUERY>
            <PARAMETER></PARAMETER>
            <RECONOCEDOR></RECONOCEDOR>
            <EDITABLE>SI</EDITABLE>
        </PREGUNTA>
        <PREGUNTA>
            <SURVEYID>3</SURVEYID>
            <QUESTIONID>4</QUESTIONID>
            <CHOICEID>5</CHOICEID>
            <CHOICETEXT>Banco de Referencia Bancaria 3</CHOICETEXT>
            <CHOICETYPE>8</CHOICETYPE>
            <CHOICELEN>0</CHOICELEN>
            <CHOICEFORCE>0</CHOICEFORCE>
            <DATAFIELD></DATAFIELD>
            <TEXTANSWER></TEXTANSWER>
            <NUMANSWER></NUMANSWER>
            <QUERY>XSP_GETBANCOS</QUERY>
            <OPCIONES>
                <OPCION>
                    <VALOR>25</VALOR>
                    <TEXTO>AMEX (CREDITO)</TEXTO>
                </OPCION>
                <OPCION>
                    <VALOR>6</VALOR>
                    <TEXTO>BANAMEX</TEXTO>
                </OPCION>
                <OPCION>
                    <VALOR>120</VALOR>
                    <TEXTO>BANCA AFIRME</TEXTO>
                </OPCION>
                <OPCION>
                    <VALOR>66</VALOR>
                    <TEXTO>BANCO DEL BAJIO</TEXTO>
                </OPCION>
                <OPCION>
                    <VALOR>8</VALOR>
                    <TEXTO>BANJERCITO</TEXTO>
                </OPCION>
                <OPCION>
                    <VALOR>10</VALOR>
                    <TEXTO>BANORTE</TEXTO>
                </OPCION>
                <OPCION>
                    <VALOR>117</VALOR>
                    <TEXTO>BANREGIO</TEXTO>
                </OPCION>
                <OPCION>
                    <VALOR>3</VALOR>
                    <TEXTO>BBVA BANCOMER</TEXTO>
                </OPCION>
                <OPCION>
                    <VALOR>49</VALOR>
                    <TEXTO>CHEDRAUI</TEXTO>
                </OPCION>
                <OPCION>
                    <VALOR>28</VALOR>
                    <TEXTO>COMERCIAL MEXICANA</TEXTO>
                </OPCION>
                <OPCION>
                    <VALOR>48</VALOR>
                    <TEXTO>CREDIMATICO</TEXTO>
                </OPCION>
                <OPCION>
                    <VALOR>72</VALOR>
                    <TEXTO>GE CAPITAL BANK</TEXTO>
                </OPCION>
                <OPCION>
                    <VALOR>92</VALOR>
                    <TEXTO>HOME DEPOT</TEXTO>
                </OPCION>
                <OPCION>
                    <VALOR>54</VALOR>
                    <TEXTO>HOME MART</TEXTO>
                </OPCION>
                <OPCION>
                    <VALOR>12</VALOR>
                    <TEXTO>HSBC</TEXTO>
                </OPCION>
                <OPCION>
                    <VALOR>20</VALOR>
                    <TEXTO>INBURSA</TEXTO>
                </OPCION>
                <OPCION>
                    <VALOR>116</VALOR>
                    <TEXTO>INVEX</TEXTO>
                </OPCION>
                <OPCION>
                    <VALOR>22</VALOR>
                    <TEXTO>IXE BANCO</TEXTO>
                </OPCION>
                <OPCION>
                    <VALOR>30</VALOR>
                    <TEXTO>LIVERPOOL</TEXTO>
                </OPCION>
                <OPCION>
                    <VALOR>58</VALOR>
                    <TEXTO>OFFICE DEPOT</TEXTO>
                </OPCION>
                <OPCION>
                    <VALOR>59</VALOR>
                    <TEXTO>OFFICE MAX</TEXTO>
                </OPCION>
                <OPCION>
                    <VALOR>1</VALOR>
                    <TEXTO>SANTANDER SERFIN</TEXTO>
                </OPCION>
                <OPCION>
                    <VALOR>21</VALOR>
                    <TEXTO>SCOTIABANK INVERLAT</TEXTO>
                </OPCION>
                <OPCION>
                    <VALOR>32</VALOR>
                    <TEXTO>SEARS</TEXTO>
                </OPCION>
                <OPCION>
                    <VALOR>62</VALOR>
                    <TEXTO>SORIANA</TEXTO>
                </OPCION>
                <OPCION>
                    <VALOR>119</VALOR>
                    <TEXTO>SPIRA</TEXTO>
                </OPCION>
                <OPCION>
                    <VALOR>33</VALOR>
                    <TEXTO>SUBURBIA</TEXTO>
                </OPCION>
                <OPCION>
                    <VALOR>2</VALOR>
                    <TEXTO>UNIBANCO</TEXTO>
                </OPCION>
                <OPCION>
                    <VALOR>34</VALOR>
                    <TEXTO>WALMART</TEXTO>
                </OPCION>
            </OPCIONES>
            <PARAMETER></PARAMETER>
            <RECONOCEDOR></RECONOCEDOR>
            <EDITABLE>SI</EDITABLE>
        </PREGUNTA>
        <PREGUNTA>
            <SURVEYID>3</SURVEYID>
            <QUESTIONID>4</QUESTIONID>
            <CHOICEID>6</CHOICEID>
            <CHOICETEXT>Digitos de TDC Referencia Bancaria 3</CHOICETEXT>
            <CHOICETYPE>5</CHOICETYPE>
            <CHOICELEN>10</CHOICELEN>
            <CHOICEFORCE>0</CHOICEFORCE>
            <DATAFIELD></DATAFIELD>
            <TEXTANSWER></TEXTANSWER>
            <NUMANSWER></NUMANSWER>
            <QUERY>(null)</QUERY>
            <PARAMETER></PARAMETER>
            <RECONOCEDOR></RECONOCEDOR>
            <EDITABLE>SI</EDITABLE>
        </PREGUNTA>
        <PREGUNTA>
            <SURVEYID>3</SURVEYID>
            <QUESTIONID>4</QUESTIONID>
            <CHOICEID>9</CHOICEID>
            <CHOICETEXT>Antiguedad TDC 3 (YYMM)</CHOICETEXT>
            <CHOICETYPE>5</CHOICETYPE>
            <CHOICELEN>10</CHOICELEN>
            <CHOICEFORCE>0</CHOICEFORCE>
            <DATAFIELD></DATAFIELD>
            <TEXTANSWER></TEXTANSWER>
            <NUMANSWER></NUMANSWER>
            <QUERY></QUERY>
            <PARAMETER></PARAMETER>
            <RECONOCEDOR></RECONOCEDOR>
            <EDITABLE>SI</EDITABLE>
        </PREGUNTA>
        <PREGUNTA>
            <SURVEYID>3</SURVEYID>
            <QUESTIONID>4</QUESTIONID>
            <CHOICEID>12</CHOICEID>
            <CHOICETEXT>Limite de credito TDC 3:</CHOICETEXT>
            <CHOICETYPE>5</CHOICETYPE>
            <CHOICELEN>10</CHOICELEN>
            <CHOICEFORCE>0</CHOICEFORCE>
            <DATAFIELD></DATAFIELD>
            <TEXTANSWER></TEXTANSWER>
            <NUMANSWER></NUMANSWER>
            <QUERY></QUERY>
            <PARAMETER></PARAMETER>
            <RECONOCEDOR></RECONOCEDOR>
            <EDITABLE>SI</EDITABLE>
        </PREGUNTA>
    </SECCION>
</CUESTIONARIO>